"Country";"Study";"Year";"Female";"Male"
"Argentina";"Arts";2006;0;1
"Argentina";"Arts";2011;1;0
"Argentina";"Social Science, Business, Law";2002;0;1
"Argentina";"Social Science, Business, Law";2003;0;1
"Asia - unspecified country of study";"Education";2002;0;1
"Asia - unspecified country of study";"Arts";2010;1;1
"Asia - unspecified country of study";"Arts";2013;1;0
"Asia - unspecified country of study";"Arts";2014;1;1
"Asia - unspecified country of study";"Arts";2015;2;1
"Asia - unspecified country of study";"Social Science, Business, Law";2009;0;1
"Asia - unspecified country of study";"Social Science, Business, Law";2011;0;1
"Asia - unspecified country of study";"Social Science, Business, Law";2013;0;1
"Asia - unspecified country of study";"Social Science, Business, Law";2014;0;1
"Asia - unspecified country of study";"Social Science, Business, Law";2015;0;1
"Asia - unspecified country of study";"Service";2007;1;0
"Australia";"Education";2010;1;0
"Australia";"Education";2014;2;0
"Australia";"Education";2016;0;1
"Australia";"Education";2017;0;1
"Australia";"Arts";1997;0;1
"Australia";"Arts";2004;1;1
"Australia";"Arts";2005;1;0
"Australia";"Arts";2006;1;0
"Australia";"Arts";2007;2;1
"Australia";"Arts";2008;2;4
"Australia";"Arts";2010;2;6
"Australia";"Arts";2011;0;4
"Australia";"Arts";2012;0;5
"Australia";"Arts";2013;1;2
"Australia";"Arts";2014;2;3
"Australia";"Arts";2015;1;2
"Australia";"Arts";2016;1;3
"Australia";"Arts";2018;0;1
"Australia";"Social Science, Business, Law";1997;1;0
"Australia";"Social Science, Business, Law";2001;2;0
"Australia";"Social Science, Business, Law";2002;2;0
"Australia";"Social Science, Business, Law";2003;1;1
"Australia";"Social Science, Business, Law";2004;1;1
"Australia";"Social Science, Business, Law";2005;2;0
"Australia";"Social Science, Business, Law";2007;1;0
"Australia";"Social Science, Business, Law";2008;2;7
"Australia";"Social Science, Business, Law";2009;0;2
"Australia";"Social Science, Business, Law";2010;0;4
"Australia";"Social Science, Business, Law";2011;3;5
"Australia";"Social Science, Business, Law";2012;4;0
"Australia";"Social Science, Business, Law";2013;8;3
"Australia";"Social Science, Business, Law";2014;7;1
"Australia";"Social Science, Business, Law";2015;6;1
"Australia";"Social Science, Business, Law";2016;5;3
"Australia";"Social Science, Business, Law";2017;5;3
"Australia";"Social Science, Business, Law";2018;2;2
"Australia";"Science, Math, CS";2001;0;1
"Australia";"Science, Math, CS";2002;0;1
"Australia";"Science, Math, CS";2003;0;1
"Australia";"Science, Math, CS";2007;0;1
"Australia";"Science, Math, CS";2008;1;2
"Australia";"Science, Math, CS";2013;1;1
"Australia";"Science, Math, CS";2014;1;1
"Australia";"Science, Math, CS";2015;1;3
"Australia";"Science, Math, CS";2016;0;1
"Australia";"Engineering";2007;0;1
"Australia";"Engineering";2008;1;0
"Australia";"Engineering";2010;1;0
"Australia";"Engineering";2013;0;1
"Australia";"Engineering";2014;0;1
"Australia";"Engineering";2017;0;1
"Australia";"Engineering";2018;1;1
"Australia";"Agriculture";2018;1;0
"Australia";"Health";2008;2;1
"Australia";"Health";2010;1;2
"Australia";"Health";2011;2;0
"Australia";"Health";2012;1;0
"Australia";"Health";2013;1;1
"Australia";"Health";2014;1;1
"Australia";"Health";2015;2;0
"Australia";"Health";2016;3;0
"Australia";"Health";2017;2;0
"Australia";"Health";2018;1;0
"Australia";"Service";2001;1;0
"Australia";"Service";2002;1;0
"Australia";"Service";2003;1;0
"Australia";"Service";2004;2;0
"Australia";"Service";2013;0;1
"Australia";"Service";2014;1;1
"Australia";"Service";2015;0;3
"Australia";"Service";2017;2;0
"Australia";"Service";2018;1;0
"Austria";"Arts";1997;7;2
"Austria";"Arts";1998;5;5
"Austria";"Arts";1999;5;8
"Austria";"Arts";2000;3;7
"Austria";"Arts";2001;3;6
"Austria";"Arts";2002;7;10
"Austria";"Arts";2003;5;10
"Austria";"Arts";2004;3;9
"Austria";"Arts";2005;9;9
"Austria";"Arts";2006;11;5
"Austria";"Arts";2007;10;2
"Austria";"Arts";2008;9;6
"Austria";"Arts";2009;10;9
"Austria";"Arts";2010;8;10
"Austria";"Arts";2011;10;7
"Austria";"Arts";2012;9;5
"Austria";"Arts";2013;5;6
"Austria";"Arts";2014;7;7
"Austria";"Arts";2015;4;10
"Austria";"Arts";2016;6;9
"Austria";"Arts";2017;3;7
"Austria";"Arts";2018;2;5
"Austria";"Social Science, Business, Law";1997;1;1
"Austria";"Social Science, Business, Law";1998;1;0
"Austria";"Social Science, Business, Law";1999;2;1
"Austria";"Social Science, Business, Law";2000;1;1
"Austria";"Social Science, Business, Law";2001;3;0
"Austria";"Social Science, Business, Law";2002;1;1
"Austria";"Social Science, Business, Law";2003;1;1
"Austria";"Social Science, Business, Law";2004;1;1
"Austria";"Social Science, Business, Law";2005;2;2
"Austria";"Social Science, Business, Law";2006;2;2
"Austria";"Social Science, Business, Law";2007;0;1
"Austria";"Social Science, Business, Law";2008;0;1
"Austria";"Social Science, Business, Law";2009;0;2
"Austria";"Social Science, Business, Law";2011;0;2
"Austria";"Social Science, Business, Law";2012;1;0
"Austria";"Social Science, Business, Law";2013;1;0
"Austria";"Social Science, Business, Law";2014;0;1
"Austria";"Social Science, Business, Law";2015;2;0
"Austria";"Science, Math, CS";1997;1;0
"Austria";"Science, Math, CS";1998;0;1
"Austria";"Science, Math, CS";2005;0;1
"Austria";"Science, Math, CS";2006;0;1
"Austria";"Science, Math, CS";2007;0;1
"Austria";"Science, Math, CS";2010;0;1
"Austria";"Science, Math, CS";2013;1;0
"Austria";"Science, Math, CS";2014;1;1
"Austria";"Science, Math, CS";2015;1;1
"Austria";"Science, Math, CS";2016;1;1
"Austria";"Science, Math, CS";2017;1;0
"Austria";"Science, Math, CS";2018;1;0
"Austria";"Engineering";1998;0;1
"Austria";"Engineering";1999;0;2
"Austria";"Engineering";2000;1;2
"Austria";"Engineering";2001;1;1
"Austria";"Engineering";2002;2;2
"Austria";"Engineering";2003;2;1
"Austria";"Engineering";2004;2;0
"Austria";"Engineering";2005;1;0
"Austria";"Engineering";2007;1;1
"Austria";"Engineering";2008;1;1
"Austria";"Engineering";2009;1;0
"Austria";"Engineering";2010;1;0
"Austria";"Engineering";2011;1;0
"Austria";"Engineering";2012;1;1
"Austria";"Engineering";2013;1;1
"Austria";"Engineering";2014;1;2
"Austria";"Agriculture";1998;0;1
"Austria";"Agriculture";1999;0;3
"Austria";"Agriculture";2000;0;4
"Austria";"Agriculture";2001;0;3
"Austria";"Agriculture";2002;0;3
"Austria";"Agriculture";2003;0;2
"Austria";"Agriculture";2007;1;0
"Austria";"Agriculture";2008;1;0
"Austria";"Agriculture";2009;1;0
"Austria";"Agriculture";2010;1;0
"Austria";"Health";2000;1;0
"Austria";"Health";2001;1;1
"Austria";"Health";2002;1;1
"Austria";"Health";2003;1;1
"Austria";"Health";2004;1;0
"Austria";"Health";2005;1;0
"Austria";"Health";2006;1;0
"Austria";"Service";1998;1;0
"Austria";"Service";2000;0;1
"Austria";"Service";2011;1;0
"Austria";"Service";2012;2;0
"Austria";"Service";2013;2;0
"Austria";"Service";2014;1;0
"USA";"General Studies";1997;0;1
"USA";"General Studies";1999;1;0
"USA";"General Studies";2000;3;1
"USA";"General Studies";2001;1;0
"USA";"General Studies";2003;0;1
"USA";"General Studies";2004;1;0
"USA";"General Studies";2006;1;0
"USA";"General Studies";2007;1;0
"USA";"General Studies";2008;0;1
"USA";"General Studies";2009;2;2
"USA";"General Studies";2010;2;2
"USA";"General Studies";2011;1;1
"USA";"General Studies";2012;2;1
"USA";"General Studies";2013;0;1
"USA";"General Studies";2014;0;1
"USA";"General Studies";2015;0;1
"USA";"Education";1997;4;3
"USA";"Education";1998;3;2
"USA";"Education";1999;5;1
"USA";"Education";2000;4;1
"USA";"Education";2001;5;0
"USA";"Education";2002;5;1
"USA";"Education";2003;4;1
"USA";"Education";2004;3;3
"USA";"Education";2005;1;5
"USA";"Education";2006;1;2
"USA";"Education";2007;4;2
"USA";"Education";2008;4;3
"USA";"Education";2009;5;4
"USA";"Education";2010;5;3
"USA";"Education";2011;7;3
"USA";"Education";2012;4;1
"USA";"Education";2013;3;1
"USA";"Education";2014;1;1
"USA";"Education";2015;1;1
"USA";"Education";2016;1;1
"USA";"Arts";1997;47;38
"USA";"Arts";1998;50;27
"USA";"Arts";1999;41;33
"USA";"Arts";2000;45;38
"USA";"Arts";2001;70;33
"USA";"Arts";2002;52;31
"USA";"Arts";2003;44;29
"USA";"Arts";2004;47;23
"USA";"Arts";2005;37;28
"USA";"Arts";2006;52;31
"USA";"Arts";2007;45;33
"USA";"Arts";2008;54;37
"USA";"Arts";2009;50;38
"USA";"Arts";2010;48;44
"USA";"Arts";2011;55;36
"USA";"Arts";2012;54;40
"USA";"Arts";2013;48;38
"USA";"Arts";2014;46;35
"USA";"Arts";2015;56;34
"USA";"Arts";2016;45;27
"USA";"Arts";2017;36;30
"USA";"Arts";2018;32;17
"USA";"Social Science, Business, Law";1997;78;87
"USA";"Social Science, Business, Law";1998;82;83
"USA";"Social Science, Business, Law";1999;81;80
"USA";"Social Science, Business, Law";2000;86;94
"USA";"Social Science, Business, Law";2001;85;114
"USA";"Social Science, Business, Law";2002;81;96
"USA";"Social Science, Business, Law";2003;65;94
"USA";"Social Science, Business, Law";2004;68;81
"USA";"Social Science, Business, Law";2005;60;73
"USA";"Social Science, Business, Law";2006;57;59
"USA";"Social Science, Business, Law";2007;52;61
"USA";"Social Science, Business, Law";2008;48;56
"USA";"Social Science, Business, Law";2009;54;48
"USA";"Social Science, Business, Law";2010;52;44
"USA";"Social Science, Business, Law";2011;51;49
"USA";"Social Science, Business, Law";2012;54;54
"USA";"Social Science, Business, Law";2013;57;44
"USA";"Social Science, Business, Law";2014;52;39
"USA";"Social Science, Business, Law";2015;34;42
"USA";"Social Science, Business, Law";2016;27;38
"USA";"Social Science, Business, Law";2017;33;32
"USA";"Social Science, Business, Law";2018;32;31
"USA";"Science, Math, CS";1997;8;37
"USA";"Science, Math, CS";1998;11;28
"USA";"Science, Math, CS";1999;12;37
"USA";"Science, Math, CS";2000;33;44
"USA";"Science, Math, CS";2001;31;28
"USA";"Science, Math, CS";2002;19;26
"USA";"Science, Math, CS";2003;17;19
"USA";"Science, Math, CS";2004;9;17
"USA";"Science, Math, CS";2005;9;19
"USA";"Science, Math, CS";2006;8;13
"USA";"Science, Math, CS";2007;7;11
"USA";"Science, Math, CS";2008;6;15
"USA";"Science, Math, CS";2009;10;14
"USA";"Science, Math, CS";2010;10;16
"USA";"Science, Math, CS";2011;14;15
"USA";"Science, Math, CS";2012;13;15
"USA";"Science, Math, CS";2013;12;21
"USA";"Science, Math, CS";2014;13;19
"USA";"Science, Math, CS";2015;5;17
"USA";"Science, Math, CS";2016;9;17
"USA";"Science, Math, CS";2017;8;17
"USA";"Science, Math, CS";2018;9;19
"USA";"Engineering";1997;10;104
"USA";"Engineering";1998;5;153
"USA";"Engineering";1999;10;121
"USA";"Engineering";2000;10;107
"USA";"Engineering";2001;8;83
"USA";"Engineering";2002;7;45
"USA";"Engineering";2003;10;33
"USA";"Engineering";2004;10;25
"USA";"Engineering";2005;13;19
"USA";"Engineering";2006;17;24
"USA";"Engineering";2007;14;26
"USA";"Engineering";2008;16;34
"USA";"Engineering";2009;10;25
"USA";"Engineering";2010;9;29
"USA";"Engineering";2011;7;26
"USA";"Engineering";2012;13;25
"USA";"Engineering";2013;12;21
"USA";"Engineering";2014;8;16
"USA";"Engineering";2015;11;18
"USA";"Engineering";2016;11;16
"USA";"Engineering";2017;10;7
"USA";"Engineering";2018;10;10
"USA";"Agriculture";1997;1;0
"USA";"Agriculture";1998;1;0
"USA";"Agriculture";2001;1;0
"USA";"Agriculture";2002;1;0
"USA";"Agriculture";2006;1;0
"USA";"Agriculture";2007;1;0
"USA";"Agriculture";2012;1;0
"USA";"Health";1997;27;7
"USA";"Health";1998;20;8
"USA";"Health";1999;20;6
"USA";"Health";2000;17;4
"USA";"Health";2001;13;4
"USA";"Health";2002;13;3
"USA";"Health";2003;14;3
"USA";"Health";2004;8;5
"USA";"Health";2005;6;9
"USA";"Health";2006;7;8
"USA";"Health";2007;10;6
"USA";"Health";2008;9;4
"USA";"Health";2009;11;4
"USA";"Health";2010;8;2
"USA";"Health";2011;15;4
"USA";"Health";2012;17;9
"USA";"Health";2013;11;6
"USA";"Health";2014;14;5
"USA";"Health";2015;14;6
"USA";"Health";2016;6;6
"USA";"Health";2017;9;5
"USA";"Health";2018;6;4
"USA";"Service";1997;9;15
"USA";"Service";1998;5;8
"USA";"Service";1999;7;5
"USA";"Service";2000;4;5
"USA";"Service";2001;5;7
"USA";"Service";2002;3;4
"USA";"Service";2003;3;7
"USA";"Service";2004;6;8
"USA";"Service";2005;4;11
"USA";"Service";2006;7;16
"USA";"Service";2007;6;17
"USA";"Service";2008;1;9
"USA";"Service";2009;1;4
"USA";"Service";2010;3;8
"USA";"Service";2011;2;12
"USA";"Service";2012;5;7
"USA";"Service";2013;6;7
"USA";"Service";2014;4;11
"USA";"Service";2015;7;6
"USA";"Service";2016;6;8
"USA";"Service";2017;2;4
"USA";"Service";2018;2;2
"Belgium";"Education";1999;1;0
"Belgium";"Arts";1997;2;1
"Belgium";"Arts";1998;2;1
"Belgium";"Arts";1999;2;1
"Belgium";"Arts";2000;4;0
"Belgium";"Arts";2001;4;0
"Belgium";"Arts";2002;4;1
"Belgium";"Arts";2003;6;0
"Belgium";"Arts";2004;3;0
"Belgium";"Arts";2005;2;1
"Belgium";"Arts";2006;2;3
"Belgium";"Arts";2007;2;1
"Belgium";"Arts";2008;5;1
"Belgium";"Arts";2009;4;0
"Belgium";"Arts";2010;4;0
"Belgium";"Arts";2011;6;0
"Belgium";"Arts";2012;3;2
"Belgium";"Arts";2013;3;3
"Belgium";"Arts";2014;2;1
"Belgium";"Arts";2015;1;3
"Belgium";"Arts";2016;3;2
"Belgium";"Arts";2017;5;2
"Belgium";"Arts";2018;5;4
"Belgium";"Social Science, Business, Law";1997;1;2
"Belgium";"Social Science, Business, Law";1998;2;1
"Belgium";"Social Science, Business, Law";1999;2;3
"Belgium";"Social Science, Business, Law";2000;1;1
"Belgium";"Social Science, Business, Law";2001;1;1
"Belgium";"Social Science, Business, Law";2002;2;2
"Belgium";"Social Science, Business, Law";2003;2;5
"Belgium";"Social Science, Business, Law";2004;2;1
"Belgium";"Social Science, Business, Law";2005;2;0
"Belgium";"Social Science, Business, Law";2006;0;1
"Belgium";"Social Science, Business, Law";2008;1;1
"Belgium";"Social Science, Business, Law";2009;1;1
"Belgium";"Social Science, Business, Law";2010;2;1
"Belgium";"Social Science, Business, Law";2011;1;0
"Belgium";"Social Science, Business, Law";2012;1;0
"Belgium";"Social Science, Business, Law";2016;3;1
"Belgium";"Social Science, Business, Law";2017;1;0
"Belgium";"Social Science, Business, Law";2018;2;0
"Belgium";"Science, Math, CS";2006;1;0
"Belgium";"Science, Math, CS";2007;1;0
"Belgium";"Science, Math, CS";2014;0;1
"Belgium";"Science, Math, CS";2015;0;1
"Belgium";"Science, Math, CS";2016;0;1
"Belgium";"Science, Math, CS";2017;0;1
"Belgium";"Engineering";2010;1;0
"Belgium";"Engineering";2013;1;0
"Belgium";"Engineering";2014;0;2
"Belgium";"Engineering";2015;0;1
"Belgium";"Engineering";2016;0;1
"Belgium";"Engineering";2017;1;0
"Belgium";"Engineering";2018;1;0
"Bosnia and Herzegovina";"Arts";2016;0;1
"Brazil";"Social Science, Business, Law";1999;0;1
"Brazil";"Engineering";2010;0;1
"Brazil";"Engineering";2011;0;1
"Brazil";"Engineering";2012;0;1
"Brazil";"Engineering";2013;0;1
"Brazil";"Engineering";2014;0;1
"Brazil";"Engineering";2015;1;0
"Brazil";"Engineering";2016;1;0
"Bulgaria";"Social Science, Business, Law";2005;0;1
"Chile";"Social Science, Business, Law";2012;1;0
"Chile";"Science, Math, CS";2016;0;1
"Costa Rica";"Social Science, Business, Law";2002;1;2
"Costa Rica";"Social Science, Business, Law";2003;1;0
"Costa Rica";"Social Science, Business, Law";2004;1;0
"Costa Rica";"Social Science, Business, Law";2006;1;0
"Costa Rica";"Social Science, Business, Law";2007;2;0
"Costa Rica";"Social Science, Business, Law";2008;2;0
"Costa Rica";"Social Science, Business, Law";2009;1;0
"Costa Rica";"Social Science, Business, Law";2010;2;0
"Costa Rica";"Social Science, Business, Law";2017;0;1
"Denmark";"General Studies";1997;2;7
"Denmark";"General Studies";1998;2;12
"Denmark";"General Studies";1999;7;16
"Denmark";"General Studies";2000;0;15
"Denmark";"General Studies";2001;4;11
"Denmark";"General Studies";2002;4;21
"Denmark";"General Studies";2003;10;19
"Denmark";"General Studies";2004;4;35
"Denmark";"General Studies";2005;12;25
"Denmark";"General Studies";2006;12;30
"Denmark";"General Studies";2007;4;20
"Denmark";"General Studies";2008;6;24
"Denmark";"General Studies";2009;4;19
"Denmark";"General Studies";2010;6;18
"Denmark";"General Studies";2011;7;8
"Denmark";"General Studies";2012;3;5
"Denmark";"General Studies";2013;0;3
"Denmark";"General Studies";2014;0;1
"Denmark";"General Studies";2015;0;4
"Denmark";"Education";1997;20;2
"Denmark";"Education";1998;18;4
"Denmark";"Education";1999;15;6
"Denmark";"Education";2000;18;7
"Denmark";"Education";2001;16;4
"Denmark";"Education";2002;17;2
"Denmark";"Education";2003;17;1
"Denmark";"Education";2004;21;2
"Denmark";"Education";2005;18;1
"Denmark";"Education";2006;20;2
"Denmark";"Education";2007;19;2
"Denmark";"Education";2008;16;1
"Denmark";"Education";2009;16;1
"Denmark";"Education";2010;16;1
"Denmark";"Education";2011;14;0
"Denmark";"Education";2012;14;0
"Denmark";"Education";2013;7;0
"Denmark";"Education";2014;2;0
"Denmark";"Education";2015;1;0
"Denmark";"Education";2017;2;0
"Denmark";"Arts";1997;29;19
"Denmark";"Arts";1998;26;16
"Denmark";"Arts";1999;29;16
"Denmark";"Arts";2000;40;18
"Denmark";"Arts";2001;58;25
"Denmark";"Arts";2002;71;44
"Denmark";"Arts";2003;70;67
"Denmark";"Arts";2004;84;69
"Denmark";"Arts";2005;95;66
"Denmark";"Arts";2006;108;56
"Denmark";"Arts";2007;118;63
"Denmark";"Arts";2008;83;46
"Denmark";"Arts";2009;64;43
"Denmark";"Arts";2010;67;52
"Denmark";"Arts";2011;65;45
"Denmark";"Arts";2012;71;44
"Denmark";"Arts";2013;56;30
"Denmark";"Arts";2014;40;24
"Denmark";"Arts";2015;34;13
"Denmark";"Arts";2016;22;8
"Denmark";"Arts";2017;23;7
"Denmark";"Arts";2018;17;6
"Denmark";"Social Science, Business, Law";1997;57;75
"Denmark";"Social Science, Business, Law";1998;49;61
"Denmark";"Social Science, Business, Law";1999;46;54
"Denmark";"Social Science, Business, Law";2000;61;55
"Denmark";"Social Science, Business, Law";2001;53;57
"Denmark";"Social Science, Business, Law";2002;82;61
"Denmark";"Social Science, Business, Law";2003;103;95
"Denmark";"Social Science, Business, Law";2004;124;119
"Denmark";"Social Science, Business, Law";2005;137;121
"Denmark";"Social Science, Business, Law";2006;135;105
"Denmark";"Social Science, Business, Law";2007;144;100
"Denmark";"Social Science, Business, Law";2008;140;96
"Denmark";"Social Science, Business, Law";2009;120;104
"Denmark";"Social Science, Business, Law";2010;146;120
"Denmark";"Social Science, Business, Law";2011;118;80
"Denmark";"Social Science, Business, Law";2012;92;76
"Denmark";"Social Science, Business, Law";2013;68;57
"Denmark";"Social Science, Business, Law";2014;57;47
"Denmark";"Social Science, Business, Law";2015;42;36
"Denmark";"Social Science, Business, Law";2016;41;28
"Denmark";"Social Science, Business, Law";2017;22;31
"Denmark";"Social Science, Business, Law";2018;23;21
"Denmark";"Science, Math, CS";1997;14;23
"Denmark";"Science, Math, CS";1998;16;18
"Denmark";"Science, Math, CS";1999;14;19
"Denmark";"Science, Math, CS";2000;22;21
"Denmark";"Science, Math, CS";2001;15;30
"Denmark";"Science, Math, CS";2002;23;22
"Denmark";"Science, Math, CS";2003;21;38
"Denmark";"Science, Math, CS";2004;23;35
"Denmark";"Science, Math, CS";2005;18;29
"Denmark";"Science, Math, CS";2006;18;27
"Denmark";"Science, Math, CS";2007;20;23
"Denmark";"Science, Math, CS";2008;12;29
"Denmark";"Science, Math, CS";2009;14;23
"Denmark";"Science, Math, CS";2010;22;17
"Denmark";"Science, Math, CS";2011;18;21
"Denmark";"Science, Math, CS";2012;18;23
"Denmark";"Science, Math, CS";2013;12;26
"Denmark";"Science, Math, CS";2014;11;23
"Denmark";"Science, Math, CS";2015;8;21
"Denmark";"Science, Math, CS";2016;13;15
"Denmark";"Science, Math, CS";2017;15;14
"Denmark";"Science, Math, CS";2018;5;8
"Denmark";"Engineering";1997;31;198
"Denmark";"Engineering";1998;33;153
"Denmark";"Engineering";1999;29;160
"Denmark";"Engineering";2000;40;169
"Denmark";"Engineering";2001;46;195
"Denmark";"Engineering";2002;61;200
"Denmark";"Engineering";2003;80;247
"Denmark";"Engineering";2004;84;274
"Denmark";"Engineering";2005;103;279
"Denmark";"Engineering";2006;111;318
"Denmark";"Engineering";2007;118;311
"Denmark";"Engineering";2008;134;304
"Denmark";"Engineering";2009;108;281
"Denmark";"Engineering";2010;100;281
"Denmark";"Engineering";2011;84;209
"Denmark";"Engineering";2012;68;180
"Denmark";"Engineering";2013;49;133
"Denmark";"Engineering";2014;39;108
"Denmark";"Engineering";2015;35;102
"Denmark";"Engineering";2016;27;85
"Denmark";"Engineering";2017;30;51
"Denmark";"Engineering";2018;22;40
"Denmark";"Agriculture";1997;8;5
"Denmark";"Agriculture";1998;12;3
"Denmark";"Agriculture";1999;13;4
"Denmark";"Agriculture";2000;15;3
"Denmark";"Agriculture";2001;14;1
"Denmark";"Agriculture";2002;11;2
"Denmark";"Agriculture";2003;14;2
"Denmark";"Agriculture";2004;13;1
"Denmark";"Agriculture";2005;11;2
"Denmark";"Agriculture";2006;11;3
"Denmark";"Agriculture";2007;11;1
"Denmark";"Agriculture";2008;11;1
"Denmark";"Agriculture";2009;14;1
"Denmark";"Agriculture";2010;12;1
"Denmark";"Agriculture";2011;10;1
"Denmark";"Agriculture";2012;10;1
"Denmark";"Agriculture";2013;7;1
"Denmark";"Agriculture";2014;6;1
"Denmark";"Agriculture";2015;4;0
"Denmark";"Agriculture";2016;11;0
"Denmark";"Agriculture";2017;7;0
"Denmark";"Agriculture";2018;6;0
"Denmark";"Health";1997;36;4
"Denmark";"Health";1998;43;5
"Denmark";"Health";1999;39;11
"Denmark";"Health";2000;45;10
"Denmark";"Health";2001;42;11
"Denmark";"Health";2002;59;13
"Denmark";"Health";2003;79;20
"Denmark";"Health";2004;80;20
"Denmark";"Health";2005;99;21
"Denmark";"Health";2006;109;21
"Denmark";"Health";2007;116;20
"Denmark";"Health";2008;94;20
"Denmark";"Health";2009;88;14
"Denmark";"Health";2010;84;8
"Denmark";"Health";2011;81;15
"Denmark";"Health";2012;75;14
"Denmark";"Health";2013;47;8
"Denmark";"Health";2014;45;8
"Denmark";"Health";2015;24;6
"Denmark";"Health";2016;16;4
"Denmark";"Health";2017;16;4
"Denmark";"Health";2018;20;4
"Denmark";"Service";1997;14;2
"Denmark";"Service";1998;11;5
"Denmark";"Service";1999;12;3
"Denmark";"Service";2000;8;8
"Denmark";"Service";2001;9;7
"Denmark";"Service";2002;11;3
"Denmark";"Service";2003;19;4
"Denmark";"Service";2004;11;3
"Denmark";"Service";2005;11;4
"Denmark";"Service";2006;18;5
"Denmark";"Service";2007;23;4
"Denmark";"Service";2008;15;4
"Denmark";"Service";2009;14;10
"Denmark";"Service";2010;19;2
"Denmark";"Service";2011;20;6
"Denmark";"Service";2012;10;5
"Denmark";"Service";2013;8;1
"Denmark";"Service";2014;2;1
"Denmark";"Service";2015;2;4
"Denmark";"Service";2016;2;6
"Denmark";"Service";2017;7;1
"Denmark";"Service";2018;1;0
"Egypt";"Social Science, Business, Law";2006;0;1
"Estonia";"Arts";2006;1;0
"Estonia";"Arts";2007;0;1
"Estonia";"Arts";2008;0;1
"Estonia";"Arts";2009;0;2
"Estonia";"Arts";2010;0;2
"Estonia";"Arts";2011;1;1
"Estonia";"Arts";2012;0;1
"Estonia";"Arts";2013;1;0
"Estonia";"Arts";2014;1;0
"Estonia";"Arts";2015;1;0
"Estonia";"Arts";2016;0;1
"Estonia";"Arts";2017;0;1
"Estonia";"Social Science, Business, Law";2008;1;0
"Estonia";"Social Science, Business, Law";2018;0;1
"Estonia";"Engineering";2007;1;0
"Estonia";"Engineering";2008;1;0
"Estonia";"Health";2011;0;1
"Estonia";"Health";2012;0;1
"Estonia";"Health";2013;0;1
"Estonia";"Health";2014;0;1
"Estonia";"Health";2015;0;1
"Ecuador";"Service";2012;0;1
"England";"General Studies";2011;1;0
"England";"General Studies";2012;4;1
"England";"Education";1997;3;1
"England";"Education";1998;3;0
"England";"Education";1999;5;0
"England";"Education";2000;3;0
"England";"Education";2001;6;1
"England";"Education";2002;2;0
"England";"Education";2003;2;0
"England";"Education";2004;3;0
"England";"Education";2005;1;0
"England";"Education";2006;3;0
"England";"Education";2007;2;0
"England";"Education";2008;4;0
"England";"Education";2009;1;0
"England";"Education";2011;2;1
"England";"Education";2013;1;0
"England";"Education";2014;1;1
"England";"Education";2015;3;0
"England";"Education";2016;1;2
"England";"Education";2017;0;1
"England";"Arts";1997;34;29
"England";"Arts";1998;34;30
"England";"Arts";1999;34;29
"England";"Arts";2000;39;34
"England";"Arts";2001;45;25
"England";"Arts";2002;50;26
"England";"Arts";2003;43;34
"England";"Arts";2004;42;41
"England";"Arts";2005;50;39
"England";"Arts";2006;51;39
"England";"Arts";2007;65;47
"England";"Arts";2008;94;74
"England";"Arts";2009;78;46
"England";"Arts";2010;68;43
"England";"Arts";2011;59;43
"England";"Arts";2012;61;38
"England";"Arts";2013;64;34
"England";"Arts";2014;60;36
"England";"Arts";2015;62;32
"England";"Arts";2016;37;27
"England";"Arts";2017;40;29
"England";"Arts";2018;50;28
"England";"Social Science, Business, Law";1997;18;27
"England";"Social Science, Business, Law";1998;20;25
"England";"Social Science, Business, Law";1999;25;27
"England";"Social Science, Business, Law";2000;27;22
"England";"Social Science, Business, Law";2001;24;21
"England";"Social Science, Business, Law";2002;49;29
"England";"Social Science, Business, Law";2003;43;33
"England";"Social Science, Business, Law";2004;43;31
"England";"Social Science, Business, Law";2005;36;33
"England";"Social Science, Business, Law";2006;43;23
"England";"Social Science, Business, Law";2007;40;24
"England";"Social Science, Business, Law";2008;50;35
"England";"Social Science, Business, Law";2009;37;25
"England";"Social Science, Business, Law";2010;29;28
"England";"Social Science, Business, Law";2011;15;24
"England";"Social Science, Business, Law";2012;29;31
"England";"Social Science, Business, Law";2013;24;19
"England";"Social Science, Business, Law";2014;29;19
"England";"Social Science, Business, Law";2015;27;21
"England";"Social Science, Business, Law";2016;19;19
"England";"Social Science, Business, Law";2017;29;20
"England";"Social Science, Business, Law";2018;33;18
"England";"Science, Math, CS";1997;0;3
"England";"Science, Math, CS";1998;2;4
"England";"Science, Math, CS";1999;2;5
"England";"Science, Math, CS";2000;2;9
"England";"Science, Math, CS";2001;4;9
"England";"Science, Math, CS";2002;10;9
"England";"Science, Math, CS";2003;6;11
"England";"Science, Math, CS";2004;7;12
"England";"Science, Math, CS";2005;5;10
"England";"Science, Math, CS";2006;5;15
"England";"Science, Math, CS";2007;2;13
"England";"Science, Math, CS";2008;4;9
"England";"Science, Math, CS";2009;2;7
"England";"Science, Math, CS";2010;6;3
"England";"Science, Math, CS";2011;4;5
"England";"Science, Math, CS";2012;5;6
"England";"Science, Math, CS";2013;8;3
"England";"Science, Math, CS";2014;7;4
"England";"Science, Math, CS";2015;5;6
"England";"Science, Math, CS";2016;5;1
"England";"Science, Math, CS";2017;4;4
"England";"Science, Math, CS";2018;3;7
"England";"Engineering";1997;2;3
"England";"Engineering";1998;7;7
"England";"Engineering";1999;4;4
"England";"Engineering";2000;4;6
"England";"Engineering";2001;3;5
"England";"Engineering";2002;5;3
"England";"Engineering";2003;5;3
"England";"Engineering";2004;4;5
"England";"Engineering";2005;7;9
"England";"Engineering";2006;4;5
"England";"Engineering";2007;8;9
"England";"Engineering";2008;9;11
"England";"Engineering";2009;4;7
"England";"Engineering";2010;3;10
"England";"Engineering";2011;5;10
"England";"Engineering";2012;7;7
"England";"Engineering";2013;3;7
"England";"Engineering";2014;4;7
"England";"Engineering";2015;2;6
"England";"Engineering";2016;2;3
"England";"Engineering";2017;3;3
"England";"Engineering";2018;7;3
"England";"Agriculture";2000;1;0
"England";"Agriculture";2001;1;0
"England";"Agriculture";2008;0;1
"England";"Agriculture";2015;0;1
"England";"Health";1997;5;4
"England";"Health";1998;5;3
"England";"Health";1999;3;3
"England";"Health";2000;4;1
"England";"Health";2001;4;3
"England";"Health";2002;6;1
"England";"Health";2003;9;2
"England";"Health";2004;13;1
"England";"Health";2005;19;1
"England";"Health";2006;21;3
"England";"Health";2007;20;4
"England";"Health";2008;12;4
"England";"Health";2009;13;4
"England";"Health";2010;6;1
"England";"Health";2011;8;1
"England";"Health";2012;5;2
"England";"Health";2013;3;2
"England";"Health";2014;5;2
"England";"Health";2015;8;7
"England";"Health";2016;3;3
"England";"Health";2017;6;4
"England";"Health";2018;8;2
"England";"Service";1997;8;1
"England";"Service";1998;9;1
"England";"Service";1999;7;3
"England";"Service";2000;4;3
"England";"Service";2001;4;13
"England";"Service";2002;4;2
"England";"Service";2003;5;4
"England";"Service";2004;2;8
"England";"Service";2005;3;11
"England";"Service";2006;5;6
"England";"Service";2007;2;4
"England";"Service";2008;3;3
"England";"Service";2009;1;5
"England";"Service";2010;1;0
"England";"Service";2011;0;2
"England";"Service";2012;3;0
"England";"Service";2013;2;0
"England";"Service";2014;1;1
"England";"Service";2015;1;3
"England";"Service";2016;1;3
"England";"Service";2017;2;3
"England";"Service";2018;2;3
"Europe - an unspecified country of study";"Arts";2013;0;2
"Europe - an unspecified country of study";"Arts";2014;2;3
"Europe - an unspecified country of study";"Arts";2015;3;5
"Europe - an unspecified country of study";"Social Science, Business, Law";2008;0;1
"Europe - an unspecified country of study";"Social Science, Business, Law";2013;1;0
"Europe - an unspecified country of study";"Social Science, Business, Law";2015;1;0
"Europe - an unspecified country of study";"Agriculture";2006;2;0
"Europe - an unspecified country of study";"Agriculture";2007;2;0
"Europe - an unspecified country of study";"Agriculture";2008;2;0
"Europe - an unspecified country of study";"Health";2014;2;0
"Europe - an unspecified country of study";"Health";2015;3;0
"Philippines";"Health";2013;1;0
"Philippines";"Health";2014;1;0
"Finland";"General Studies";2002;1;0
"Finland";"Arts";1997;5;6
"Finland";"Arts";1998;4;3
"Finland";"Arts";1999;2;4
"Finland";"Arts";2000;4;3
"Finland";"Arts";2001;5;2
"Finland";"Arts";2002;5;1
"Finland";"Arts";2003;2;2
"Finland";"Arts";2004;2;2
"Finland";"Arts";2005;2;2
"Finland";"Arts";2006;2;3
"Finland";"Arts";2007;1;3
"Finland";"Arts";2008;1;1
"Finland";"Arts";2010;1;0
"Finland";"Arts";2011;1;0
"Finland";"Arts";2013;0;1
"Finland";"Arts";2014;0;1
"Finland";"Arts";2015;0;1
"Finland";"Arts";2016;1;0
"Finland";"Arts";2017;1;0
"Finland";"Arts";2018;2;0
"Finland";"Social Science, Business, Law";1997;1;0
"Finland";"Social Science, Business, Law";1999;0;1
"Finland";"Social Science, Business, Law";2000;0;1
"Finland";"Social Science, Business, Law";2001;0;1
"Finland";"Social Science, Business, Law";2002;0;1
"Finland";"Social Science, Business, Law";2007;1;0
"Finland";"Social Science, Business, Law";2010;1;0
"Finland";"Social Science, Business, Law";2011;1;0
"Finland";"Social Science, Business, Law";2012;2;1
"Finland";"Social Science, Business, Law";2013;0;1
"Finland";"Social Science, Business, Law";2014;1;1
"Finland";"Science, Math, CS";2001;1;0
"Finland";"Science, Math, CS";2002;1;0
"Finland";"Science, Math, CS";2008;1;0
"Finland";"Engineering";1997;0;1
"Finland";"Engineering";1998;0;1
"Finland";"Engineering";1999;1;0
"Finland";"Engineering";2000;0;1
"Finland";"Engineering";2001;0;1
"Finland";"Engineering";2003;1;1
"Finland";"Engineering";2008;1;1
"Finland";"Engineering";2009;0;2
"Finland";"Engineering";2010;0;1
"Finland";"Engineering";2011;0;1
"Finland";"Engineering";2015;0;1
"Finland";"Engineering";2016;0;2
"Finland";"Engineering";2017;0;1
"Finland";"Engineering";2018;0;1
"Finland";"Agriculture";1997;0;1
"Finland";"Agriculture";2000;0;1
"Finland";"Agriculture";2001;0;2
"Finland";"Agriculture";2002;0;2
"Finland";"Agriculture";2003;0;2
"Finland";"Agriculture";2004;0;1
"Finland";"Agriculture";2005;0;1
"Finland";"Health";1997;1;0
"Finland";"Health";2000;1;0
"Finland";"Health";2001;1;0
"Finland";"Health";2002;1;0
"Finland";"Health";2003;1;0
"Finland";"Health";2011;0;1
"Finland";"Health";2015;1;0
"Finland";"Health";2016;1;0
"Finland";"Health";2017;1;0
"Finland";"Service";1997;0;1
"Finland";"Service";1998;0;1
"Finland";"Service";2005;0;1
"Finland";"Service";2006;0;1
"Finland";"Service";2011;0;1
"France";"Arts";1997;13;8
"France";"Arts";1998;15;9
"France";"Arts";1999;8;2
"France";"Arts";2000;10;4
"France";"Arts";2001;9;4
"France";"Arts";2002;11;5
"France";"Arts";2003;13;7
"France";"Arts";2004;10;5
"France";"Arts";2005;9;7
"France";"Arts";2006;6;6
"France";"Arts";2007;3;9
"France";"Arts";2008;5;5
"France";"Arts";2009;9;4
"France";"Arts";2010;6;5
"France";"Arts";2011;8;5
"France";"Arts";2012;9;6
"France";"Arts";2013;7;4
"France";"Arts";2014;5;3
"France";"Arts";2015;6;1
"France";"Arts";2016;2;1
"France";"Arts";2017;3;0
"France";"Arts";2018;3;0
"France";"Social Science, Business, Law";1997;5;3
"France";"Social Science, Business, Law";1998;3;3
"France";"Social Science, Business, Law";1999;4;3
"France";"Social Science, Business, Law";2000;2;3
"France";"Social Science, Business, Law";2001;4;2
"France";"Social Science, Business, Law";2002;5;2
"France";"Social Science, Business, Law";2003;5;2
"France";"Social Science, Business, Law";2004;4;3
"France";"Social Science, Business, Law";2005;2;5
"France";"Social Science, Business, Law";2006;3;0
"France";"Social Science, Business, Law";2007;5;0
"France";"Social Science, Business, Law";2008;4;4
"France";"Social Science, Business, Law";2009;4;4
"France";"Social Science, Business, Law";2010;5;3
"France";"Social Science, Business, Law";2011;3;4
"France";"Social Science, Business, Law";2012;3;3
"France";"Social Science, Business, Law";2013;4;1
"France";"Social Science, Business, Law";2014;1;0
"France";"Social Science, Business, Law";2015;1;3
"France";"Social Science, Business, Law";2016;0;2
"France";"Social Science, Business, Law";2017;1;2
"France";"Social Science, Business, Law";2018;3;1
"France";"Science, Math, CS";1998;2;0
"France";"Science, Math, CS";2002;1;0
"France";"Science, Math, CS";2004;1;0
"France";"Science, Math, CS";2007;0;1
"France";"Science, Math, CS";2008;0;1
"France";"Science, Math, CS";2009;0;1
"France";"Science, Math, CS";2010;2;2
"France";"Science, Math, CS";2011;1;2
"France";"Science, Math, CS";2012;1;1
"France";"Science, Math, CS";2013;0;1
"France";"Science, Math, CS";2016;1;0
"France";"Engineering";1997;1;0
"France";"Engineering";1998;2;0
"France";"Engineering";1999;2;1
"France";"Engineering";2000;1;1
"France";"Engineering";2001;0;1
"France";"Engineering";2002;0;1
"France";"Engineering";2003;0;2
"France";"Engineering";2004;0;2
"France";"Engineering";2005;1;1
"France";"Engineering";2006;1;1
"France";"Engineering";2007;1;1
"France";"Engineering";2008;3;2
"France";"Engineering";2009;2;0
"France";"Engineering";2010;2;0
"France";"Engineering";2011;3;0
"France";"Engineering";2012;3;1
"France";"Engineering";2013;2;0
"France";"Engineering";2014;1;2
"France";"Engineering";2015;0;9
"France";"Engineering";2016;0;11
"France";"Engineering";2017;0;1
"France";"Agriculture";1998;0;1
"France";"Health";1997;1;0
"France";"Health";2005;1;0
"France";"Service";2000;1;0
"France";"Service";2001;1;0
"France";"Service";2005;0;1
"France";"Service";2006;1;0
"France";"Service";2007;1;0
"France";"Service";2017;0;1
"France";"Service";2018;0;1
"Faroe Islands";"Science, Math, CS";2000;1;0
"Greece";"Arts";2002;1;0
"Greece";"Arts";2004;1;0
"Greece";"Arts";2005;1;0
"Greece";"Arts";2006;1;0
"Greece";"Arts";2009;0;1
"Greece";"Arts";2017;1;0
"Greece";"Arts";2018;1;0
"Greece";"Social Science, Business, Law";2011;1;0
"Greece";"Social Science, Business, Law";2012;1;0
"Greece";"Social Science, Business, Law";2015;1;0
"Greece";"Social Science, Business, Law";2016;1;0
"Greece";"Engineering";2011;0;20
"Greece";"Engineering";2012;0;39
"Greece";"Engineering";2013;0;32
"Greece";"Engineering";2014;0;19
"Greece";"Engineering";2015;0;17
"Greece";"Engineering";2016;0;6
"Greece";"Engineering";2017;0;4
"Greece";"Engineering";2018;0;1
"Greece";"Service";2007;0;1
"Greece";"Service";2016;0;1
"Netherlands";"Education";1998;1;0
"Netherlands";"Education";1999;1;0
"Netherlands";"Education";2000;1;0
"Netherlands";"Education";2001;2;0
"Netherlands";"Education";2002;1;0
"Netherlands";"Education";2003;1;0
"Netherlands";"Education";2006;2;0
"Netherlands";"Education";2007;2;0
"Netherlands";"Education";2008;1;0
"Netherlands";"Education";2009;1;0
"Netherlands";"Education";2011;0;1
"Netherlands";"Education";2017;1;0
"Netherlands";"Arts";1997;20;20
"Netherlands";"Arts";1998;21;18
"Netherlands";"Arts";1999;21;21
"Netherlands";"Arts";2000;15;18
"Netherlands";"Arts";2001;20;21
"Netherlands";"Arts";2002;22;28
"Netherlands";"Arts";2003;27;26
"Netherlands";"Arts";2004;27;20
"Netherlands";"Arts";2005;33;22
"Netherlands";"Arts";2006;30;21
"Netherlands";"Arts";2007;20;24
"Netherlands";"Arts";2008;21;30
"Netherlands";"Arts";2009;28;33
"Netherlands";"Arts";2010;29;34
"Netherlands";"Arts";2011;28;31
"Netherlands";"Arts";2012;21;24
"Netherlands";"Arts";2013;27;30
"Netherlands";"Arts";2014;27;36
"Netherlands";"Arts";2015;28;38
"Netherlands";"Arts";2016;24;27
"Netherlands";"Arts";2017;24;17
"Netherlands";"Arts";2018;18;11
"Netherlands";"Social Science, Business, Law";1997;3;3
"Netherlands";"Social Science, Business, Law";1998;2;2
"Netherlands";"Social Science, Business, Law";1999;2;3
"Netherlands";"Social Science, Business, Law";2000;6;2
"Netherlands";"Social Science, Business, Law";2001;9;6
"Netherlands";"Social Science, Business, Law";2002;13;10
"Netherlands";"Social Science, Business, Law";2003;13;14
"Netherlands";"Social Science, Business, Law";2004;10;12
"Netherlands";"Social Science, Business, Law";2005;6;6
"Netherlands";"Social Science, Business, Law";2006;5;7
"Netherlands";"Social Science, Business, Law";2007;10;10
"Netherlands";"Social Science, Business, Law";2008;11;13
"Netherlands";"Social Science, Business, Law";2009;10;4
"Netherlands";"Social Science, Business, Law";2010;14;5
"Netherlands";"Social Science, Business, Law";2011;10;5
"Netherlands";"Social Science, Business, Law";2012;15;2
"Netherlands";"Social Science, Business, Law";2013;11;3
"Netherlands";"Social Science, Business, Law";2014;12;8
"Netherlands";"Social Science, Business, Law";2015;9;12
"Netherlands";"Social Science, Business, Law";2016;11;9
"Netherlands";"Social Science, Business, Law";2017;9;8
"Netherlands";"Social Science, Business, Law";2018;12;8
"Netherlands";"Science, Math, CS";1997;1;0
"Netherlands";"Science, Math, CS";2001;0;2
"Netherlands";"Science, Math, CS";2002;1;1
"Netherlands";"Science, Math, CS";2003;2;0
"Netherlands";"Science, Math, CS";2004;2;2
"Netherlands";"Science, Math, CS";2005;2;1
"Netherlands";"Science, Math, CS";2006;1;0
"Netherlands";"Science, Math, CS";2007;2;1
"Netherlands";"Science, Math, CS";2008;0;4
"Netherlands";"Science, Math, CS";2009;2;2
"Netherlands";"Science, Math, CS";2010;3;3
"Netherlands";"Science, Math, CS";2011;3;2
"Netherlands";"Science, Math, CS";2012;3;0
"Netherlands";"Science, Math, CS";2013;2;2
"Netherlands";"Science, Math, CS";2014;0;4
"Netherlands";"Science, Math, CS";2015;3;5
"Netherlands";"Science, Math, CS";2016;3;6
"Netherlands";"Science, Math, CS";2017;2;5
"Netherlands";"Science, Math, CS";2018;1;4
"Netherlands";"Engineering";1997;1;2
"Netherlands";"Engineering";1998;1;1
"Netherlands";"Engineering";1999;1;1
"Netherlands";"Engineering";2000;3;1
"Netherlands";"Engineering";2001;3;1
"Netherlands";"Engineering";2002;2;2
"Netherlands";"Engineering";2003;2;2
"Netherlands";"Engineering";2004;1;1
"Netherlands";"Engineering";2005;3;2
"Netherlands";"Engineering";2006;3;4
"Netherlands";"Engineering";2007;3;4
"Netherlands";"Engineering";2008;3;1
"Netherlands";"Engineering";2009;2;5
"Netherlands";"Engineering";2010;2;5
"Netherlands";"Engineering";2011;5;9
"Netherlands";"Engineering";2012;9;10
"Netherlands";"Engineering";2013;5;11
"Netherlands";"Engineering";2014;5;6
"Netherlands";"Engineering";2015;7;5
"Netherlands";"Engineering";2016;6;6
"Netherlands";"Engineering";2017;6;6
"Netherlands";"Engineering";2018;4;8
"Netherlands";"Health";1997;1;0
"Netherlands";"Health";1999;1;0
"Netherlands";"Health";2000;2;0
"Netherlands";"Health";2001;2;0
"Netherlands";"Health";2002;1;0
"Netherlands";"Health";2003;2;2
"Netherlands";"Health";2004;1;2
"Netherlands";"Health";2005;4;1
"Netherlands";"Health";2006;3;0
"Netherlands";"Health";2007;3;0
"Netherlands";"Health";2008;2;1
"Netherlands";"Health";2009;1;1
"Netherlands";"Health";2010;2;1
"Netherlands";"Health";2011;1;0
"Netherlands";"Health";2012;1;0
"Netherlands";"Health";2014;1;1
"Netherlands";"Health";2015;0;1
"Netherlands";"Health";2016;1;1
"Netherlands";"Health";2017;1;1
"Netherlands";"Health";2018;1;0
"Netherlands";"Service";1997;1;0
"Netherlands";"Service";1998;1;0
"Netherlands";"Service";2000;0;1
"Netherlands";"Service";2001;1;0
"Netherlands";"Service";2002;3;0
"Netherlands";"Service";2003;2;0
"Netherlands";"Service";2006;1;0
"Netherlands";"Service";2007;1;0
"Netherlands";"Service";2011;1;0
"Netherlands";"Service";2012;1;0
"Netherlands";"Service";2013;1;0
"Netherlands";"Service";2015;0;2
"Netherlands";"Service";2016;1;1
"Netherlands";"Service";2017;1;1
"Netherlands";"Service";2018;1;0
"Hong Kong";"Arts";1999;0;1
"Hong Kong";"Arts";2007;1;0
"India";"Arts";2004;1;1
"India";"Arts";2008;0;1
"Iran";"Science, Math, CS";2013;1;0
"Ireland";"Education";2013;1;0
"Ireland";"Education";2014;1;0
"Ireland";"Education";2015;1;0
"Ireland";"Education";2016;1;0
"Ireland";"Arts";1998;1;0
"Ireland";"Arts";1999;2;0
"Ireland";"Arts";2000;1;0
"Ireland";"Arts";2001;1;0
"Ireland";"Arts";2003;1;1
"Ireland";"Arts";2004;2;1
"Ireland";"Arts";2005;0;1
"Ireland";"Arts";2006;0;1
"Ireland";"Arts";2010;1;0
"Ireland";"Arts";2011;2;0
"Ireland";"Arts";2012;2;0
"Ireland";"Arts";2013;3;2
"Ireland";"Arts";2014;1;2
"Ireland";"Arts";2015;0;1
"Ireland";"Social Science, Business, Law";1997;1;0
"Ireland";"Social Science, Business, Law";1998;1;0
"Ireland";"Social Science, Business, Law";1999;1;0
"Ireland";"Social Science, Business, Law";2000;2;0
"Ireland";"Social Science, Business, Law";2001;2;0
"Ireland";"Social Science, Business, Law";2002;2;0
"Ireland";"Social Science, Business, Law";2004;1;0
"Ireland";"Social Science, Business, Law";2005;4;1
"Ireland";"Social Science, Business, Law";2006;2;1
"Ireland";"Social Science, Business, Law";2007;1;1
"Ireland";"Social Science, Business, Law";2008;1;1
"Ireland";"Social Science, Business, Law";2009;0;1
"Ireland";"Social Science, Business, Law";2013;2;0
"Ireland";"Social Science, Business, Law";2014;1;0
"Ireland";"Social Science, Business, Law";2016;1;0
"Ireland";"Social Science, Business, Law";2017;1;0
"Ireland";"Science, Math, CS";1997;1;1
"Ireland";"Science, Math, CS";2004;0;1
"Ireland";"Science, Math, CS";2005;1;1
"Ireland";"Science, Math, CS";2006;1;1
"Ireland";"Science, Math, CS";2007;1;1
"Ireland";"Science, Math, CS";2008;1;0
"Ireland";"Science, Math, CS";2012;0;1
"Ireland";"Science, Math, CS";2015;1;1
"Ireland";"Engineering";2013;0;1
"Ireland";"Health";2004;1;0
"Ireland";"Service";2010;1;0
"Ireland";"Service";2012;2;0
"Ireland";"Service";2014;1;0
"Italy";"Arts";1997;20;9
"Italy";"Arts";1998;13;7
"Italy";"Arts";1999;16;9
"Italy";"Arts";2000;21;11
"Italy";"Arts";2001;30;18
"Italy";"Arts";2002;16;8
"Italy";"Arts";2003;22;14
"Italy";"Arts";2004;21;11
"Italy";"Arts";2005;18;7
"Italy";"Arts";2006;29;12
"Italy";"Arts";2007;38;15
"Italy";"Arts";2008;36;9
"Italy";"Arts";2009;24;4
"Italy";"Arts";2010;15;5
"Italy";"Arts";2011;14;5
"Italy";"Arts";2012;14;8
"Italy";"Arts";2013;18;8
"Italy";"Arts";2014;13;5
"Italy";"Arts";2015;7;3
"Italy";"Arts";2016;10;3
"Italy";"Arts";2017;8;3
"Italy";"Arts";2018;8;1
"Italy";"Social Science, Business, Law";1997;3;4
"Italy";"Social Science, Business, Law";1998;4;1
"Italy";"Social Science, Business, Law";1999;4;2
"Italy";"Social Science, Business, Law";2000;0;3
"Italy";"Social Science, Business, Law";2001;1;3
"Italy";"Social Science, Business, Law";2002;3;1
"Italy";"Social Science, Business, Law";2003;0;2
"Italy";"Social Science, Business, Law";2004;2;4
"Italy";"Social Science, Business, Law";2005;1;4
"Italy";"Social Science, Business, Law";2006;2;2
"Italy";"Social Science, Business, Law";2007;1;1
"Italy";"Social Science, Business, Law";2008;1;5
"Italy";"Social Science, Business, Law";2009;1;3
"Italy";"Social Science, Business, Law";2010;2;3
"Italy";"Social Science, Business, Law";2011;1;2
"Italy";"Social Science, Business, Law";2012;4;2
"Italy";"Social Science, Business, Law";2013;4;4
"Italy";"Social Science, Business, Law";2014;2;3
"Italy";"Social Science, Business, Law";2015;2;3
"Italy";"Social Science, Business, Law";2016;4;2
"Italy";"Social Science, Business, Law";2017;3;2
"Italy";"Social Science, Business, Law";2018;4;1
"Italy";"Science, Math, CS";2001;1;0
"Italy";"Science, Math, CS";2002;1;0
"Italy";"Science, Math, CS";2003;0;1
"Italy";"Science, Math, CS";2004;0;1
"Italy";"Science, Math, CS";2005;0;1
"Italy";"Science, Math, CS";2006;0;1
"Italy";"Engineering";1997;1;1
"Italy";"Engineering";1998;1;1
"Italy";"Engineering";1999;1;0
"Italy";"Engineering";2003;1;0
"Italy";"Engineering";2004;2;0
"Italy";"Engineering";2005;2;0
"Italy";"Engineering";2006;2;0
"Italy";"Engineering";2010;1;0
"Italy";"Engineering";2012;1;0
"Italy";"Engineering";2013;3;0
"Italy";"Engineering";2014;0;1
"Italy";"Engineering";2015;0;1
"Italy";"Engineering";2016;0;2
"Italy";"Engineering";2017;1;2
"Italy";"Engineering";2018;1;0
"Italy";"Health";1997;1;0
"Italy";"Health";1998;1;0
"Italy";"Health";2007;1;0
"Italy";"Health";2017;2;0
"Italy";"Health";2018;2;0
"Italy";"Service";1997;1;0
"Italy";"Service";1998;1;0
"Italy";"Service";2001;1;0
"Italy";"Service";2002;1;0
"Italy";"Service";2003;1;0
"Italy";"Service";2008;2;1
"Italy";"Service";2009;1;1
"Italy";"Service";2010;1;1
"Italy";"Service";2011;0;1
"Italy";"Service";2015;1;0
"Italy";"Service";2016;1;0
"Italy";"Service";2017;2;0
"Italy";"Service";2018;2;1
"Jamaica";"Arts";2011;1;0
"Jamaica";"Social Science, Business, Law";2013;1;0
"Jamaica";"Science, Math, CS";2015;0;1
"Japan";"Arts";2005;0;1
"Japan";"Arts";2006;0;1
"Japan";"Arts";2008;0;1
"Japan";"Arts";2010;0;2
"Japan";"Arts";2013;1;1
"Japan";"Arts";2014;1;0
"Japan";"Arts";2016;1;0
"Japan";"Arts";2018;1;0
"Japan";"Social Science, Business, Law";1997;0;1
"Japan";"Social Science, Business, Law";2000;0;1
"Japan";"Social Science, Business, Law";2004;0;2
"Japan";"Social Science, Business, Law";2005;0;2
"Japan";"Social Science, Business, Law";2007;1;0
"Japan";"Social Science, Business, Law";2008;1;2
"Japan";"Social Science, Business, Law";2009;0;2
"Japan";"Social Science, Business, Law";2010;0;3
"Japan";"Social Science, Business, Law";2013;2;1
"Japan";"Social Science, Business, Law";2014;1;1
"Japan";"Social Science, Business, Law";2015;1;1
"Japan";"Social Science, Business, Law";2016;1;1
"Japan";"Social Science, Business, Law";2017;0;2
"Japan";"Social Science, Business, Law";2018;0;2
"Japan";"Science, Math, CS";2010;1;0
"Japan";"Science, Math, CS";2011;0;1
"Japan";"Science, Math, CS";2014;0;1
"Japan";"Science, Math, CS";2016;0;1
"Japan";"Engineering";1998;0;1
"Japan";"Engineering";2003;0;1
"Japan";"Engineering";2004;0;2
"Japan";"Engineering";2005;0;1
"Japan";"Engineering";2006;0;1
"Japan";"Engineering";2007;0;1
"Japan";"Engineering";2008;0;1
"Japan";"Engineering";2013;0;1
"Japan";"Engineering";2014;0;1
"Canada";"General Studies";1997;0;1
"Canada";"Education";1997;1;0
"Canada";"Education";1998;1;1
"Canada";"Education";1999;1;0
"Canada";"Education";2001;1;0
"Canada";"Education";2002;1;0
"Canada";"Education";2005;1;0
"Canada";"Education";2006;1;0
"Canada";"Education";2010;0;1
"Canada";"Education";2014;1;0
"Canada";"Education";2017;0;1
"Canada";"Education";2018;0;1
"Canada";"Arts";1997;0;2
"Canada";"Arts";1998;1;3
"Canada";"Arts";1999;1;3
"Canada";"Arts";2000;2;2
"Canada";"Arts";2001;2;0
"Canada";"Arts";2002;3;0
"Canada";"Arts";2003;5;4
"Canada";"Arts";2004;4;2
"Canada";"Arts";2005;4;7
"Canada";"Arts";2006;6;6
"Canada";"Arts";2007;8;7
"Canada";"Arts";2008;10;7
"Canada";"Arts";2009;7;8
"Canada";"Arts";2010;6;9
"Canada";"Arts";2011;7;9
"Canada";"Arts";2012;6;8
"Canada";"Arts";2013;7;9
"Canada";"Arts";2014;11;10
"Canada";"Arts";2015;6;4
"Canada";"Arts";2016;9;5
"Canada";"Arts";2017;9;6
"Canada";"Arts";2018;8;3
"Canada";"Social Science, Business, Law";1997;6;0
"Canada";"Social Science, Business, Law";1998;6;1
"Canada";"Social Science, Business, Law";1999;4;1
"Canada";"Social Science, Business, Law";2000;3;0
"Canada";"Social Science, Business, Law";2001;1;1
"Canada";"Social Science, Business, Law";2002;3;3
"Canada";"Social Science, Business, Law";2003;2;6
"Canada";"Social Science, Business, Law";2004;2;7
"Canada";"Social Science, Business, Law";2005;4;6
"Canada";"Social Science, Business, Law";2006;3;7
"Canada";"Social Science, Business, Law";2007;5;4
"Canada";"Social Science, Business, Law";2008;6;4
"Canada";"Social Science, Business, Law";2009;7;3
"Canada";"Social Science, Business, Law";2010;9;2
"Canada";"Social Science, Business, Law";2011;9;7
"Canada";"Social Science, Business, Law";2012;2;8
"Canada";"Social Science, Business, Law";2013;2;2
"Canada";"Social Science, Business, Law";2014;1;3
"Canada";"Social Science, Business, Law";2015;3;2
"Canada";"Social Science, Business, Law";2016;3;1
"Canada";"Social Science, Business, Law";2017;1;0
"Canada";"Social Science, Business, Law";2018;2;2
"Canada";"Science, Math, CS";1997;2;1
"Canada";"Science, Math, CS";1998;0;3
"Canada";"Science, Math, CS";1999;0;5
"Canada";"Science, Math, CS";2000;1;5
"Canada";"Science, Math, CS";2001;2;3
"Canada";"Science, Math, CS";2002;3;0
"Canada";"Science, Math, CS";2003;2;0
"Canada";"Science, Math, CS";2005;1;0
"Canada";"Science, Math, CS";2006;2;1
"Canada";"Science, Math, CS";2007;1;1
"Canada";"Science, Math, CS";2008;2;3
"Canada";"Science, Math, CS";2009;1;2
"Canada";"Science, Math, CS";2010;1;3
"Canada";"Science, Math, CS";2011;0;5
"Canada";"Science, Math, CS";2012;0;8
"Canada";"Science, Math, CS";2013;0;5
"Canada";"Science, Math, CS";2014;0;2
"Canada";"Science, Math, CS";2015;0;1
"Canada";"Science, Math, CS";2016;1;1
"Canada";"Science, Math, CS";2017;1;0
"Canada";"Engineering";1998;0;1
"Canada";"Engineering";1999;1;3
"Canada";"Engineering";2000;2;5
"Canada";"Engineering";2001;1;2
"Canada";"Engineering";2002;1;2
"Canada";"Engineering";2003;0;1
"Canada";"Engineering";2004;0;1
"Canada";"Engineering";2005;0;2
"Canada";"Engineering";2006;2;3
"Canada";"Engineering";2007;2;2
"Canada";"Engineering";2008;0;1
"Canada";"Engineering";2009;0;1
"Canada";"Engineering";2010;2;2
"Canada";"Engineering";2011;2;2
"Canada";"Engineering";2012;2;3
"Canada";"Engineering";2013;2;4
"Canada";"Engineering";2014;4;1
"Canada";"Engineering";2015;4;1
"Canada";"Engineering";2016;2;1
"Canada";"Engineering";2017;1;0
"Canada";"Agriculture";2000;0;1
"Canada";"Agriculture";2001;0;1
"Canada";"Agriculture";2002;0;1
"Canada";"Health";1997;4;1
"Canada";"Health";1998;11;1
"Canada";"Health";1999;5;3
"Canada";"Health";2000;4;2
"Canada";"Health";2001;4;1
"Canada";"Health";2002;6;1
"Canada";"Health";2003;5;1
"Canada";"Health";2004;4;0
"Canada";"Health";2005;5;0
"Canada";"Health";2006;4;2
"Canada";"Health";2007;3;2
"Canada";"Health";2008;2;0
"Canada";"Health";2009;2;0
"Canada";"Health";2010;2;1
"Canada";"Health";2011;2;0
"Canada";"Health";2012;1;0
"Canada";"Health";2013;1;2
"Canada";"Health";2014;2;1
"Canada";"Health";2015;1;0
"Canada";"Health";2016;1;0
"Canada";"Health";2017;2;1
"Canada";"Health";2018;1;0
"Canada";"Service";1997;0;3
"Canada";"Service";1998;0;2
"Canada";"Service";1999;0;2
"Canada";"Service";2000;0;2
"Canada";"Service";2001;0;2
"Canada";"Service";2002;0;4
"Canada";"Service";2003;0;3
"Canada";"Service";2004;0;2
"Canada";"Service";2005;1;2
"Canada";"Service";2006;0;1
"Canada";"Service";2007;1;0
"Canada";"Service";2008;1;0
"Canada";"Service";2009;0;2
"Canada";"Service";2010;0;5
"Canada";"Service";2011;0;4
"Canada";"Service";2012;0;1
"Canada";"Service";2013;0;1
"Canada";"Service";2014;1;0
"Canada";"Service";2015;0;2
"Canada";"Service";2016;1;2
"Canada";"Service";2017;3;1
"Canada";"Service";2018;2;1
"China";"Arts";1997;1;2
"China";"Arts";1998;0;1
"China";"Arts";1999;0;2
"China";"Arts";2001;0;1
"China";"Arts";2002;1;2
"China";"Arts";2003;0;2
"China";"Arts";2004;2;1
"China";"Arts";2005;1;5
"China";"Arts";2006;0;3
"China";"Arts";2007;1;2
"China";"Arts";2008;0;2
"China";"Arts";2009;2;0
"China";"Arts";2010;2;2
"China";"Arts";2011;1;1
"China";"Arts";2012;1;1
"China";"Arts";2014;1;0
"China";"Arts";2015;1;1
"China";"Arts";2016;0;1
"China";"Arts";2017;0;1
"China";"Social Science, Business, Law";2006;2;0
"China";"Social Science, Business, Law";2007;2;0
"China";"Social Science, Business, Law";2008;0;1
"China";"Social Science, Business, Law";2009;0;2
"China";"Social Science, Business, Law";2010;1;0
"China";"Social Science, Business, Law";2011;1;1
"China";"Social Science, Business, Law";2012;0;5
"China";"Social Science, Business, Law";2013;0;3
"China";"Social Science, Business, Law";2014;0;4
"China";"Social Science, Business, Law";2015;0;1
"China";"Social Science, Business, Law";2016;1;0
"China";"Social Science, Business, Law";2017;1;1
"China";"Social Science, Business, Law";2018;1;1
"China";"Science, Math, CS";2018;0;1
"S-Korea";"Arts";2017;0;1
"S-Korea";"Arts";2018;0;1
"S-Korea";"Social Science, Business, Law";2012;0;1
"Croatia";"Health";2016;2;0
"Cuba";"Arts";2003;0;1
"Cuba";"Arts";2004;0;1
"Cuba";"Arts";2005;0;1
"Cyprus";"Health";2016;1;0
"Cyprus";"Health";2017;2;0
"Cyprus";"Health";2018;3;1
"Latvia (Latvija)";"Social Science, Business, Law";2006;0;1
"Latvia (Latvija)";"Health";2008;1;0
"Lithuania";"Arts";2002;1;0
"Lithuania";"Arts";2003;1;0
"Lithuania";"Arts";2010;1;0
"Lithuania";"Arts";2011;1;0
"Lithuania";"Health";2018;1;0
"Luxembourg";"Social Science, Business, Law";2009;1;0
"Malaysia";"Arts";2007;3;0
"Malaysia";"Arts";2008;2;0
"Malaysia";"Arts";2013;1;0
"Malaysia";"Social Science, Business, Law";2008;1;0
"Malaysia";"Social Science, Business, Law";2015;1;0
"Malaysia";"Social Science, Business, Law";2016;2;0
"Malta";"Social Science, Business, Law";2016;0;1
"Malta";"Service";2018;2;2
"Mexico";"Arts";1997;1;1
"Mexico";"Arts";1998;0;1
"Mexico";"Arts";1999;0;1
"Mexico";"Arts";2000;0;1
"Mexico";"Arts";2001;1;1
"Mexico";"Arts";2006;0;1
"Mexico";"Social Science, Business, Law";1998;0;1
"Mexico";"Social Science, Business, Law";2011;1;0
"Mexico";"Social Science, Business, Law";2012;1;0
"Mexico";"Health";2007;1;0
"Central America - unspecified country of study";"Service";2013;0;1
"Norway";"General Studies";1998;0;1
"Norway";"General Studies";2000;0;1
"Norway";"General Studies";2001;0;1
"Norway";"General Studies";2002;0;2
"Norway";"General Studies";2007;0;1
"Norway";"General Studies";2009;0;1
"Norway";"General Studies";2012;1;0
"Norway";"Education";1997;9;3
"Norway";"Education";1998;10;2
"Norway";"Education";1999;6;1
"Norway";"Education";2000;5;1
"Norway";"Education";2001;3;0
"Norway";"Education";2002;3;0
"Norway";"Education";2003;4;3
"Norway";"Education";2004;3;2
"Norway";"Education";2005;5;2
"Norway";"Education";2006;4;0
"Norway";"Education";2007;5;0
"Norway";"Education";2008;3;1
"Norway";"Education";2009;1;1
"Norway";"Education";2010;1;0
"Norway";"Education";2011;2;0
"Norway";"Education";2012;1;0
"Norway";"Education";2013;1;0
"Norway";"Education";2014;2;1
"Norway";"Education";2015;3;0
"Norway";"Education";2016;2;0
"Norway";"Education";2017;2;0
"Norway";"Education";2018;1;0
"Norway";"Arts";1997;9;4
"Norway";"Arts";1998;5;9
"Norway";"Arts";1999;10;8
"Norway";"Arts";2000;9;3
"Norway";"Arts";2001;10;2
"Norway";"Arts";2002;2;4
"Norway";"Arts";2003;3;3
"Norway";"Arts";2004;3;2
"Norway";"Arts";2005;4;1
"Norway";"Arts";2006;3;1
"Norway";"Arts";2007;5;2
"Norway";"Arts";2008;9;1
"Norway";"Arts";2009;12;3
"Norway";"Arts";2010;14;3
"Norway";"Arts";2011;18;4
"Norway";"Arts";2012;12;3
"Norway";"Arts";2013;9;8
"Norway";"Arts";2014;10;18
"Norway";"Arts";2015;15;27
"Norway";"Arts";2016;17;22
"Norway";"Arts";2017;13;16
"Norway";"Arts";2018;10;15
"Norway";"Social Science, Business, Law";1997;11;8
"Norway";"Social Science, Business, Law";1998;14;8
"Norway";"Social Science, Business, Law";1999;13;7
"Norway";"Social Science, Business, Law";2000;12;8
"Norway";"Social Science, Business, Law";2001;7;9
"Norway";"Social Science, Business, Law";2002;5;10
"Norway";"Social Science, Business, Law";2003;3;13
"Norway";"Social Science, Business, Law";2004;2;5
"Norway";"Social Science, Business, Law";2005;2;2
"Norway";"Social Science, Business, Law";2006;5;2
"Norway";"Social Science, Business, Law";2007;7;2
"Norway";"Social Science, Business, Law";2008;6;4
"Norway";"Social Science, Business, Law";2009;11;4
"Norway";"Social Science, Business, Law";2010;10;7
"Norway";"Social Science, Business, Law";2011;8;8
"Norway";"Social Science, Business, Law";2012;6;9
"Norway";"Social Science, Business, Law";2013;8;3
"Norway";"Social Science, Business, Law";2014;10;3
"Norway";"Social Science, Business, Law";2015;8;2
"Norway";"Social Science, Business, Law";2016;2;2
"Norway";"Social Science, Business, Law";2017;2;4
"Norway";"Social Science, Business, Law";2018;2;3
"Norway";"Science, Math, CS";1997;6;10
"Norway";"Science, Math, CS";1998;4;5
"Norway";"Science, Math, CS";1999;4;2
"Norway";"Science, Math, CS";2000;6;3
"Norway";"Science, Math, CS";2001;4;2
"Norway";"Science, Math, CS";2002;1;2
"Norway";"Science, Math, CS";2003;0;4
"Norway";"Science, Math, CS";2004;1;4
"Norway";"Science, Math, CS";2005;2;2
"Norway";"Science, Math, CS";2006;1;1
"Norway";"Science, Math, CS";2007;4;4
"Norway";"Science, Math, CS";2008;4;1
"Norway";"Science, Math, CS";2009;4;0
"Norway";"Science, Math, CS";2010;7;1
"Norway";"Science, Math, CS";2011;6;4
"Norway";"Science, Math, CS";2012;5;6
"Norway";"Science, Math, CS";2013;9;7
"Norway";"Science, Math, CS";2014;8;8
"Norway";"Science, Math, CS";2015;5;7
"Norway";"Science, Math, CS";2016;0;3
"Norway";"Science, Math, CS";2017;1;3
"Norway";"Science, Math, CS";2018;2;0
"Norway";"Engineering";1997;7;14
"Norway";"Engineering";1998;4;12
"Norway";"Engineering";1999;5;10
"Norway";"Engineering";2000;4;9
"Norway";"Engineering";2001;2;4
"Norway";"Engineering";2002;3;3
"Norway";"Engineering";2003;3;3
"Norway";"Engineering";2004;1;3
"Norway";"Engineering";2005;2;7
"Norway";"Engineering";2006;6;6
"Norway";"Engineering";2007;7;11
"Norway";"Engineering";2008;4;8
"Norway";"Engineering";2009;3;4
"Norway";"Engineering";2010;5;7
"Norway";"Engineering";2011;7;10
"Norway";"Engineering";2012;4;9
"Norway";"Engineering";2013;4;6
"Norway";"Engineering";2014;8;9
"Norway";"Engineering";2015;3;6
"Norway";"Engineering";2016;1;4
"Norway";"Engineering";2017;4;1
"Norway";"Engineering";2018;1;2
"Norway";"Agriculture";1997;8;7
"Norway";"Agriculture";1998;8;5
"Norway";"Agriculture";1999;5;6
"Norway";"Agriculture";2000;4;3
"Norway";"Agriculture";2001;5;3
"Norway";"Agriculture";2002;5;3
"Norway";"Agriculture";2003;7;3
"Norway";"Agriculture";2004;8;3
"Norway";"Agriculture";2005;6;2
"Norway";"Agriculture";2006;4;2
"Norway";"Agriculture";2007;5;0
"Norway";"Agriculture";2008;6;0
"Norway";"Agriculture";2009;7;1
"Norway";"Agriculture";2010;3;2
"Norway";"Agriculture";2011;6;1
"Norway";"Agriculture";2012;5;0
"Norway";"Agriculture";2013;5;1
"Norway";"Agriculture";2014;6;2
"Norway";"Agriculture";2015;8;2
"Norway";"Agriculture";2016;7;1
"Norway";"Agriculture";2017;6;1
"Norway";"Agriculture";2018;7;4
"Norway";"Health";1997;2;1
"Norway";"Health";1998;4;0
"Norway";"Health";1999;5;1
"Norway";"Health";2000;3;1
"Norway";"Health";2001;2;1
"Norway";"Health";2002;4;2
"Norway";"Health";2003;3;1
"Norway";"Health";2004;1;2
"Norway";"Health";2005;3;2
"Norway";"Health";2006;6;1
"Norway";"Health";2007;6;2
"Norway";"Health";2008;4;1
"Norway";"Health";2009;2;0
"Norway";"Health";2010;3;0
"Norway";"Health";2011;4;0
"Norway";"Health";2012;6;0
"Norway";"Health";2013;4;1
"Norway";"Health";2014;4;1
"Norway";"Health";2015;3;1
"Norway";"Health";2016;2;0
"Norway";"Health";2017;0;1
"Norway";"Health";2018;0;1
"Norway";"Service";1997;7;2
"Norway";"Service";1998;6;0
"Norway";"Service";1999;7;0
"Norway";"Service";2000;6;3
"Norway";"Service";2001;4;3
"Norway";"Service";2002;5;1
"Norway";"Service";2003;6;3
"Norway";"Service";2004;6;5
"Norway";"Service";2005;6;3
"Norway";"Service";2006;3;2
"Norway";"Service";2007;1;1
"Norway";"Service";2008;0;1
"Norway";"Service";2009;0;2
"Norway";"Service";2010;1;0
"Norway";"Service";2011;4;2
"Norway";"Service";2012;7;1
"Norway";"Service";2013;5;0
"Norway";"Service";2014;3;2
"Norway";"Service";2015;3;3
"Norway";"Service";2016;2;1
"Norway";"Service";2017;1;0
"Norway";"Service";2018;2;3
"Northern Ireland";"Arts";2002;0;1
"Northern Ireland";"Arts";2018;3;0
"Northern Ireland";"Social Science, Business, Law";2002;2;0
"Northern Ireland";"Social Science, Business, Law";2004;1;0
"Northern Ireland";"Social Science, Business, Law";2005;1;1
"Northern Ireland";"Social Science, Business, Law";2006;1;0
"Northern Ireland";"Social Science, Business, Law";2016;0;1
"Northern Ireland";"Social Science, Business, Law";2018;2;0
"Northern Ireland";"Health";2001;1;0
"Northern Ireland";"Health";2002;1;0
"New Zealand";"Arts";2007;1;0
"New Zealand";"Arts";2010;1;0
"New Zealand";"Arts";2011;1;0
"New Zealand";"Arts";2012;1;0
"New Zealand";"Arts";2013;0;1
"New Zealand";"Arts";2014;0;1
"New Zealand";"Arts";2015;0;1
"New Zealand";"Arts";2016;1;0
"New Zealand";"Social Science, Business, Law";2002;1;1
"New Zealand";"Social Science, Business, Law";2010;0;2
"New Zealand";"Social Science, Business, Law";2011;0;1
"New Zealand";"Science, Math, CS";1997;1;0
"New Zealand";"Science, Math, CS";2011;1;0
"New Zealand";"Science, Math, CS";2015;1;0
"New Zealand";"Engineering";2007;2;1
"New Zealand";"Engineering";2008;0;1
"New Zealand";"Engineering";2013;0;1
"New Zealand";"Engineering";2014;0;1
"New Zealand";"Engineering";2015;0;1
"New Zealand";"Health";2012;1;0
"New Zealand";"Service";2007;1;0
"New Zealand";"Service";2011;0;1
"Peru";"Arts";2012;0;1
"Peru";"Arts";2013;0;1
"Peru";"Arts";2016;1;0
"Peru";"Arts";2017;1;0
"Peru";"Arts";2018;1;0
"Peru";"Social Science, Business, Law";2016;1;0
"Peru";"Social Science, Business, Law";2017;1;0
"Peru";"Social Science, Business, Law";2018;1;0
"Peru";"Service";2010;0;1
"Poland";"Arts";2007;1;0
"Poland";"Arts";2008;2;1
"Poland";"Arts";2009;1;1
"Poland";"Arts";2010;1;1
"Poland";"Arts";2011;1;1
"Poland";"Arts";2012;1;0
"Poland";"Arts";2013;1;0
"Poland";"Arts";2014;0;1
"Poland";"Arts";2015;0;1
"Poland";"Arts";2016;0;1
"Poland";"Arts";2017;1;0
"Poland";"Arts";2018;1;0
"Poland";"Social Science, Business, Law";2006;1;0
"Poland";"Social Science, Business, Law";2007;0;1
"Poland";"Social Science, Business, Law";2008;0;1
"Poland";"Social Science, Business, Law";2009;0;1
"Poland";"Social Science, Business, Law";2017;1;0
"Poland";"Social Science, Business, Law";2018;0;1
"Poland";"Agriculture";2009;1;0
"Poland";"Agriculture";2010;1;0
"Poland";"Agriculture";2011;1;0
"Poland";"Agriculture";2012;1;0
"Poland";"Agriculture";2013;1;0
"Poland";"Agriculture";2014;1;0
"Poland";"Health";2008;0;1
"Poland";"Health";2009;0;1
"Poland";"Health";2010;1;1
"Poland";"Health";2011;2;0
"Poland";"Health";2012;2;0
"Poland";"Health";2013;2;0
"Poland";"Health";2014;2;0
"Poland";"Health";2015;3;0
"Poland";"Health";2016;3;0
"Poland";"Health";2017;4;1
"Poland";"Health";2018;3;0
"Poland";"Service";2005;1;0
"Portugal";"Arts";2003;0;1
"Portugal";"Arts";2017;1;1
"Portugal";"Arts";2018;1;0
"Portugal";"Social Science, Business, Law";2012;1;0
"Portugal";"Social Science, Business, Law";2015;2;0
"Portugal";"Science, Math, CS";2014;0;1
"Portugal";"Science, Math, CS";2015;0;2
"Portugal";"Science, Math, CS";2016;0;1
"Portugal";"Science, Math, CS";2018;0;1
"Portugal";"Engineering";2012;1;0
"Portugal";"Engineering";2013;1;0
"Portugal";"Engineering";2015;0;1
"Portugal";"Engineering";2016;0;2
"Romania";"Arts";2003;1;0
"Romania";"Social Science, Business, Law";2017;0;1
"Russia";"Arts";1999;1;0
"Russia";"Arts";2000;0;1
"Russia";"Arts";2001;2;1
"Russia";"Arts";2002;2;0
"Russia";"Arts";2003;1;1
"Russia";"Arts";2004;1;1
"Russia";"Arts";2006;4;1
"Russia";"Arts";2007;2;1
"Russia";"Arts";2008;3;1
"Russia";"Arts";2009;2;0
"Russia";"Arts";2010;2;0
"Russia";"Social Science, Business, Law";2005;1;1
"Russia";"Social Science, Business, Law";2006;0;1
"Russia";"Science, Math, CS";2001;1;0
"Russia";"Science, Math, CS";2002;1;0
"Russia";"Science, Math, CS";2003;1;0
"Russia";"Agriculture";2005;0;1
"Russia";"Agriculture";2006;0;1
"Russia";"Agriculture";2007;0;1
"Russia";"Agriculture";2008;0;1
"Russia";"Agriculture";2009;0;1
"Russia";"Agriculture";2010;0;1
"Russia";"Agriculture";2011;0;1
"Russia";"Agriculture";2012;0;1
"United Arab Emirates";"Social Science, Business, Law";2009;1;0
"United Arab Emirates";"Social Science, Business, Law";2010;0;2
"United Arab Emirates";"Social Science, Business, Law";2011;0;1
"United Arab Emirates";"Social Science, Business, Law";2012;0;1
"United Arab Emirates";"Engineering";2009;0;2
"United Arab Emirates";"Engineering";2010;0;2
"singapore";"Social Science, Business, Law";2003;0;1
"Scotland";"Education";2008;1;0
"Scotland";"Education";2014;0;1
"Scotland";"Arts";1997;4;5
"Scotland";"Arts";1998;5;4
"Scotland";"Arts";1999;4;4
"Scotland";"Arts";2000;6;4
"Scotland";"Arts";2001;4;3
"Scotland";"Arts";2002;6;4
"Scotland";"Arts";2003;11;3
"Scotland";"Arts";2004;16;8
"Scotland";"Arts";2005;15;9
"Scotland";"Arts";2006;19;12
"Scotland";"Arts";2007;10;10
"Scotland";"Arts";2008;12;12
"Scotland";"Arts";2009;8;7
"Scotland";"Arts";2010;8;7
"Scotland";"Arts";2011;6;5
"Scotland";"Arts";2012;14;3
"Scotland";"Arts";2013;14;4
"Scotland";"Arts";2014;7;2
"Scotland";"Arts";2015;5;2
"Scotland";"Arts";2016;4;1
"Scotland";"Arts";2017;3;2
"Scotland";"Arts";2018;4;5
"Scotland";"Social Science, Business, Law";1997;5;8
"Scotland";"Social Science, Business, Law";1998;11;5
"Scotland";"Social Science, Business, Law";1999;9;8
"Scotland";"Social Science, Business, Law";2000;5;8
"Scotland";"Social Science, Business, Law";2001;7;9
"Scotland";"Social Science, Business, Law";2002;6;14
"Scotland";"Social Science, Business, Law";2003;6;9
"Scotland";"Social Science, Business, Law";2004;6;6
"Scotland";"Social Science, Business, Law";2005;7;6
"Scotland";"Social Science, Business, Law";2006;9;6
"Scotland";"Social Science, Business, Law";2007;10;7
"Scotland";"Social Science, Business, Law";2008;4;7
"Scotland";"Social Science, Business, Law";2009;8;3
"Scotland";"Social Science, Business, Law";2010;7;4
"Scotland";"Social Science, Business, Law";2011;6;8
"Scotland";"Social Science, Business, Law";2012;3;1
"Scotland";"Social Science, Business, Law";2013;7;5
"Scotland";"Social Science, Business, Law";2014;8;4
"Scotland";"Social Science, Business, Law";2015;6;4
"Scotland";"Social Science, Business, Law";2016;6;4
"Scotland";"Social Science, Business, Law";2017;6;7
"Scotland";"Social Science, Business, Law";2018;10;8
"Scotland";"Science, Math, CS";1997;0;3
"Scotland";"Science, Math, CS";1998;0;3
"Scotland";"Science, Math, CS";1999;0;3
"Scotland";"Science, Math, CS";2000;2;1
"Scotland";"Science, Math, CS";2001;2;4
"Scotland";"Science, Math, CS";2002;2;3
"Scotland";"Science, Math, CS";2003;2;5
"Scotland";"Science, Math, CS";2004;4;8
"Scotland";"Science, Math, CS";2005;1;7
"Scotland";"Science, Math, CS";2006;1;4
"Scotland";"Science, Math, CS";2007;3;2
"Scotland";"Science, Math, CS";2008;1;5
"Scotland";"Science, Math, CS";2009;2;2
"Scotland";"Science, Math, CS";2010;1;4
"Scotland";"Science, Math, CS";2011;0;2
"Scotland";"Science, Math, CS";2012;0;3
"Scotland";"Science, Math, CS";2014;0;1
"Scotland";"Science, Math, CS";2016;1;2
"Scotland";"Science, Math, CS";2017;3;1
"Scotland";"Science, Math, CS";2018;1;1
"Scotland";"Engineering";1997;0;1
"Scotland";"Engineering";1998;0;1
"Scotland";"Engineering";1999;1;1
"Scotland";"Engineering";2000;2;4
"Scotland";"Engineering";2001;2;6
"Scotland";"Engineering";2002;2;3
"Scotland";"Engineering";2003;0;2
"Scotland";"Engineering";2004;0;2
"Scotland";"Engineering";2005;2;3
"Scotland";"Engineering";2006;2;5
"Scotland";"Engineering";2007;3;2
"Scotland";"Engineering";2008;8;6
"Scotland";"Engineering";2009;5;6
"Scotland";"Engineering";2010;8;10
"Scotland";"Engineering";2011;2;8
"Scotland";"Engineering";2012;1;9
"Scotland";"Engineering";2013;2;10
"Scotland";"Engineering";2014;6;8
"Scotland";"Engineering";2015;2;3
"Scotland";"Engineering";2016;3;1
"Scotland";"Engineering";2017;1;3
"Scotland";"Engineering";2018;3;3
"Scotland";"Agriculture";2002;1;1
"Scotland";"Agriculture";2003;0;1
"Scotland";"Agriculture";2004;0;1
"Scotland";"Agriculture";2005;1;2
"Scotland";"Agriculture";2006;2;2
"Scotland";"Agriculture";2007;1;1
"Scotland";"Agriculture";2008;1;0
"Scotland";"Agriculture";2009;1;0
"Scotland";"Agriculture";2010;1;0
"Scotland";"Agriculture";2011;1;0
"Scotland";"Agriculture";2012;1;0
"Scotland";"Health";1997;3;0
"Scotland";"Health";1998;1;0
"Scotland";"Health";1999;4;0
"Scotland";"Health";2000;2;0
"Scotland";"Health";2001;5;1
"Scotland";"Health";2002;2;1
"Scotland";"Health";2003;4;1
"Scotland";"Health";2004;4;1
"Scotland";"Health";2005;3;0
"Scotland";"Health";2006;2;0
"Scotland";"Health";2008;2;0
"Scotland";"Health";2009;1;0
"Scotland";"Health";2011;1;0
"Scotland";"Health";2012;2;0
"Scotland";"Health";2013;1;0
"Scotland";"Health";2014;1;0
"Scotland";"Health";2015;2;0
"Scotland";"Health";2017;1;0
"Scotland";"Service";1997;1;5
"Scotland";"Service";1998;1;5
"Scotland";"Service";1999;2;6
"Scotland";"Service";2000;4;0
"Scotland";"Service";2001;0;4
"Scotland";"Service";2002;1;4
"Scotland";"Service";2003;0;9
"Scotland";"Service";2004;0;7
"Scotland";"Service";2005;0;5
"Scotland";"Service";2006;2;2
"Scotland";"Service";2007;0;2
"Scotland";"Service";2008;0;2
"Scotland";"Service";2009;0;1
"Scotland";"Service";2010;0;1
"Scotland";"Service";2011;0;1
"Scotland";"Service";2012;1;1
"Scotland";"Service";2013;1;3
"Scotland";"Service";2014;1;3
"Scotland";"Service";2015;1;1
"Scotland";"Service";2017;1;0
"Scotland";"Service";2018;1;0
"Slovakia";"Arts";2011;0;1
"Slovakia";"Social Science, Business, Law";2009;0;1
"Slovakia";"Social Science, Business, Law";2010;0;1
"Slovakia";"Social Science, Business, Law";2011;0;1
"Slovakia";"Science, Math, CS";2014;1;0
"Slovakia";"Science, Math, CS";2015;1;0
"Slovakia";"Science, Math, CS";2016;1;0
"Slovakia";"Agriculture";2009;3;0
"Slovakia";"Agriculture";2010;2;0
"Slovakia";"Agriculture";2012;0;1
"Slovakia";"Agriculture";2013;1;1
"Slovakia";"Agriculture";2014;3;1
"Slovakia";"Agriculture";2015;6;2
"Slovakia";"Agriculture";2016;10;1
"Slovakia";"Agriculture";2017;15;2
"Slovakia";"Agriculture";2018;15;3
"Slovakia";"Health";2009;1;0
"Slovakia";"Health";2012;4;2
"Slovakia";"Health";2013;29;13
"Slovakia";"Health";2014;41;22
"Slovakia";"Health";2015;50;22
"Slovakia";"Health";2016;60;26
"Slovakia";"Health";2017;64;35
"Slovakia";"Health";2018;75;36
"Slovakia";"Service";2017;0;4
"Slovakia";"Service";2018;0;4
"Spain";"Education";2010;1;0
"Spain";"Arts";1997;13;6
"Spain";"Arts";1998;12;8
"Spain";"Arts";1999;10;6
"Spain";"Arts";2000;18;8
"Spain";"Arts";2001;19;12
"Spain";"Arts";2002;16;9
"Spain";"Arts";2003;20;11
"Spain";"Arts";2004;28;8
"Spain";"Arts";2005;21;8
"Spain";"Arts";2006;22;6
"Spain";"Arts";2007;22;10
"Spain";"Arts";2008;22;10
"Spain";"Arts";2009;14;5
"Spain";"Arts";2010;19;9
"Spain";"Arts";2011;34;12
"Spain";"Arts";2012;20;7
"Spain";"Arts";2013;14;4
"Spain";"Arts";2014;12;6
"Spain";"Arts";2015;9;6
"Spain";"Arts";2016;7;7
"Spain";"Arts";2017;6;5
"Spain";"Arts";2018;8;3
"Spain";"Social Science, Business, Law";1997;3;3
"Spain";"Social Science, Business, Law";1998;0;3
"Spain";"Social Science, Business, Law";1999;1;5
"Spain";"Social Science, Business, Law";2000;3;1
"Spain";"Social Science, Business, Law";2001;1;4
"Spain";"Social Science, Business, Law";2002;2;3
"Spain";"Social Science, Business, Law";2003;4;6
"Spain";"Social Science, Business, Law";2004;4;2
"Spain";"Social Science, Business, Law";2005;4;4
"Spain";"Social Science, Business, Law";2006;2;2
"Spain";"Social Science, Business, Law";2007;4;4
"Spain";"Social Science, Business, Law";2008;3;2
"Spain";"Social Science, Business, Law";2009;4;5
"Spain";"Social Science, Business, Law";2010;8;2
"Spain";"Social Science, Business, Law";2011;5;7
"Spain";"Social Science, Business, Law";2012;6;8
"Spain";"Social Science, Business, Law";2013;8;5
"Spain";"Social Science, Business, Law";2014;13;8
"Spain";"Social Science, Business, Law";2015;7;6
"Spain";"Social Science, Business, Law";2016;8;6
"Spain";"Social Science, Business, Law";2017;7;7
"Spain";"Social Science, Business, Law";2018;9;4
"Spain";"Science, Math, CS";2000;0;1
"Spain";"Science, Math, CS";2008;1;0
"Spain";"Science, Math, CS";2009;1;1
"Spain";"Science, Math, CS";2010;1;1
"Spain";"Science, Math, CS";2011;1;3
"Spain";"Science, Math, CS";2012;1;2
"Spain";"Science, Math, CS";2013;3;0
"Spain";"Science, Math, CS";2014;1;0
"Spain";"Science, Math, CS";2015;1;0
"Spain";"Science, Math, CS";2016;1;0
"Spain";"Science, Math, CS";2017;1;0
"Spain";"Engineering";2002;1;0
"Spain";"Engineering";2004;2;0
"Spain";"Engineering";2005;1;1
"Spain";"Engineering";2006;1;1
"Spain";"Engineering";2007;3;0
"Spain";"Engineering";2008;2;0
"Spain";"Engineering";2009;1;1
"Spain";"Engineering";2010;1;0
"Spain";"Engineering";2011;2;1
"Spain";"Engineering";2012;0;1
"Spain";"Engineering";2013;0;1
"Spain";"Engineering";2014;0;2
"Spain";"Engineering";2015;1;1
"Spain";"Engineering";2016;1;2
"Spain";"Engineering";2017;1;1
"Spain";"Agriculture";2003;1;0
"Spain";"Agriculture";2016;4;0
"Spain";"Agriculture";2017;5;0
"Spain";"Agriculture";2018;6;0
"Spain";"Health";2004;0;1
"Spain";"Health";2005;0;1
"Spain";"Health";2006;0;1
"Spain";"Health";2007;0;1
"Spain";"Health";2012;0;1
"Spain";"Health";2013;0;1
"Spain";"Health";2014;0;1
"Spain";"Health";2016;1;0
"Spain";"Health";2017;1;0
"Spain";"Health";2018;1;0
"Spain";"Service";1997;1;2
"Spain";"Service";1998;2;1
"Spain";"Service";1999;3;2
"Spain";"Service";2000;3;0
"Spain";"Service";2001;1;1
"Spain";"Service";2003;1;0
"Spain";"Service";2004;1;0
"Spain";"Service";2005;1;1
"Spain";"Service";2006;4;0
"Spain";"Service";2007;3;0
"Spain";"Service";2008;0;2
"Spain";"Service";2009;0;1
"Spain";"Service";2010;0;1
"Spain";"Service";2011;1;0
"Spain";"Service";2012;1;0
"Spain";"Service";2013;1;1
"Spain";"Service";2014;1;0
"Spain";"Service";2016;0;2
"Spain";"Service";2017;0;2
"Spain";"Service";2018;2;2
"South Africa";"Arts";2005;0;1
"South Africa";"Social Science, Business, Law";1997;1;0
"South Africa";"Social Science, Business, Law";2003;1;0
"South Africa";"Science, Math, CS";2009;0;1
"South Africa";"Science, Math, CS";2011;0;1
"South Africa";"Engineering";2010;1;0
"South Africa";"Engineering";2011;1;0
"South Africa";"Service";1997;1;0
"South America - unspecified country of study";"Social Science, Business, Law";2014;1;0
"South America - unspecified country of study";"Service";2010;0;1
"South America - unspecified country of study";"Service";2011;0;1
"Switzerland";"Education";2015;1;0
"Switzerland";"Education";2016;1;0
"Switzerland";"Arts";2001;2;0
"Switzerland";"Arts";2002;1;0
"Switzerland";"Arts";2003;1;0
"Switzerland";"Arts";2004;1;0
"Switzerland";"Arts";2006;4;0
"Switzerland";"Arts";2007;3;0
"Switzerland";"Arts";2008;3;0
"Switzerland";"Arts";2009;3;0
"Switzerland";"Arts";2010;4;0
"Switzerland";"Arts";2011;3;1
"Switzerland";"Arts";2012;5;2
"Switzerland";"Arts";2013;3;2
"Switzerland";"Arts";2014;2;1
"Switzerland";"Arts";2015;1;2
"Switzerland";"Arts";2016;2;0
"Switzerland";"Arts";2017;2;0
"Switzerland";"Arts";2018;1;0
"Switzerland";"Social Science, Business, Law";1997;0;6
"Switzerland";"Social Science, Business, Law";1998;0;4
"Switzerland";"Social Science, Business, Law";1999;0;3
"Switzerland";"Social Science, Business, Law";2000;3;5
"Switzerland";"Social Science, Business, Law";2001;3;4
"Switzerland";"Social Science, Business, Law";2002;2;5
"Switzerland";"Social Science, Business, Law";2003;2;4
"Switzerland";"Social Science, Business, Law";2004;4;7
"Switzerland";"Social Science, Business, Law";2005;3;12
"Switzerland";"Social Science, Business, Law";2006;2;7
"Switzerland";"Social Science, Business, Law";2007;4;9
"Switzerland";"Social Science, Business, Law";2008;4;2
"Switzerland";"Social Science, Business, Law";2009;5;6
"Switzerland";"Social Science, Business, Law";2010;5;4
"Switzerland";"Social Science, Business, Law";2011;4;5
"Switzerland";"Social Science, Business, Law";2012;6;5
"Switzerland";"Social Science, Business, Law";2013;7;6
"Switzerland";"Social Science, Business, Law";2014;2;6
"Switzerland";"Social Science, Business, Law";2015;4;2
"Switzerland";"Social Science, Business, Law";2016;2;6
"Switzerland";"Social Science, Business, Law";2017;5;7
"Switzerland";"Social Science, Business, Law";2018;4;5
"Switzerland";"Science, Math, CS";1998;1;0
"Switzerland";"Science, Math, CS";1999;1;0
"Switzerland";"Science, Math, CS";2003;1;0
"Switzerland";"Science, Math, CS";2004;2;0
"Switzerland";"Science, Math, CS";2005;2;0
"Switzerland";"Science, Math, CS";2006;2;0
"Switzerland";"Science, Math, CS";2007;0;1
"Switzerland";"Science, Math, CS";2008;2;1
"Switzerland";"Science, Math, CS";2009;1;0
"Switzerland";"Science, Math, CS";2010;0;2
"Switzerland";"Science, Math, CS";2011;0;3
"Switzerland";"Science, Math, CS";2012;3;2
"Switzerland";"Science, Math, CS";2013;2;1
"Switzerland";"Science, Math, CS";2014;0;3
"Switzerland";"Science, Math, CS";2015;0;4
"Switzerland";"Science, Math, CS";2016;1;5
"Switzerland";"Science, Math, CS";2017;1;6
"Switzerland";"Science, Math, CS";2018;0;6
"Switzerland";"Engineering";1997;1;1
"Switzerland";"Engineering";1998;1;0
"Switzerland";"Engineering";1999;1;0
"Switzerland";"Engineering";2000;1;2
"Switzerland";"Engineering";2001;1;2
"Switzerland";"Engineering";2002;1;1
"Switzerland";"Engineering";2006;0;1
"Switzerland";"Engineering";2007;1;1
"Switzerland";"Engineering";2008;2;2
"Switzerland";"Engineering";2009;1;3
"Switzerland";"Engineering";2010;4;4
"Switzerland";"Engineering";2011;3;4
"Switzerland";"Engineering";2012;2;6
"Switzerland";"Engineering";2013;0;7
"Switzerland";"Engineering";2014;1;5
"Switzerland";"Engineering";2015;3;3
"Switzerland";"Engineering";2016;3;8
"Switzerland";"Engineering";2017;5;8
"Switzerland";"Engineering";2018;4;6
"Switzerland";"Health";2000;1;1
"Switzerland";"Health";2001;1;1
"Switzerland";"Health";2002;1;1
"Switzerland";"Health";2003;1;2
"Switzerland";"Health";2004;0;3
"Switzerland";"Health";2005;1;0
"Switzerland";"Health";2006;1;0
"Switzerland";"Health";2007;1;0
"Switzerland";"Health";2012;0;1
"Switzerland";"Service";1997;1;0
"Switzerland";"Service";1999;0;1
"Switzerland";"Service";2000;0;1
"Switzerland";"Service";2001;0;1
"Switzerland";"Service";2008;1;0
"Switzerland";"Service";2009;1;0
"Switzerland";"Service";2010;1;0
"Sweden";"General Studies";2004;1;0
"Sweden";"General Studies";2006;1;0
"Sweden";"General Studies";2009;1;0
"Sweden";"Education";1997;3;1
"Sweden";"Education";1998;3;0
"Sweden";"Education";1999;2;0
"Sweden";"Education";2002;1;0
"Sweden";"Education";2003;1;1
"Sweden";"Education";2004;3;0
"Sweden";"Education";2005;5;2
"Sweden";"Education";2006;3;0
"Sweden";"Education";2007;3;1
"Sweden";"Education";2008;2;0
"Sweden";"Education";2009;3;0
"Sweden";"Education";2010;2;0
"Sweden";"Education";2011;2;0
"Sweden";"Education";2012;3;1
"Sweden";"Education";2013;0;1
"Sweden";"Education";2015;1;0
"Sweden";"Education";2016;1;0
"Sweden";"Arts";1997;11;7
"Sweden";"Arts";1998;12;8
"Sweden";"Arts";1999;10;9
"Sweden";"Arts";2000;5;6
"Sweden";"Arts";2001;9;7
"Sweden";"Arts";2002;8;12
"Sweden";"Arts";2003;9;18
"Sweden";"Arts";2004;11;16
"Sweden";"Arts";2005;11;8
"Sweden";"Arts";2006;10;6
"Sweden";"Arts";2007;10;10
"Sweden";"Arts";2008;20;11
"Sweden";"Arts";2009;14;15
"Sweden";"Arts";2010;12;15
"Sweden";"Arts";2011;19;19
"Sweden";"Arts";2012;20;14
"Sweden";"Arts";2013;19;8
"Sweden";"Arts";2014;13;11
"Sweden";"Arts";2015;10;9
"Sweden";"Arts";2016;10;6
"Sweden";"Arts";2017;14;10
"Sweden";"Arts";2018;13;8
"Sweden";"Social Science, Business, Law";1997;10;10
"Sweden";"Social Science, Business, Law";1998;10;3
"Sweden";"Social Science, Business, Law";1999;9;3
"Sweden";"Social Science, Business, Law";2000;7;6
"Sweden";"Social Science, Business, Law";2001;13;5
"Sweden";"Social Science, Business, Law";2002;17;8
"Sweden";"Social Science, Business, Law";2003;17;6
"Sweden";"Social Science, Business, Law";2004;17;12
"Sweden";"Social Science, Business, Law";2005;21;11
"Sweden";"Social Science, Business, Law";2006;22;10
"Sweden";"Social Science, Business, Law";2007;20;12
"Sweden";"Social Science, Business, Law";2008;24;14
"Sweden";"Social Science, Business, Law";2009;21;17
"Sweden";"Social Science, Business, Law";2010;28;24
"Sweden";"Social Science, Business, Law";2011;36;19
"Sweden";"Social Science, Business, Law";2012;37;22
"Sweden";"Social Science, Business, Law";2013;33;22
"Sweden";"Social Science, Business, Law";2014;17;16
"Sweden";"Social Science, Business, Law";2015;21;17
"Sweden";"Social Science, Business, Law";2016;25;10
"Sweden";"Social Science, Business, Law";2017;19;9
"Sweden";"Social Science, Business, Law";2018;15;14
"Sweden";"Science, Math, CS";1997;1;17
"Sweden";"Science, Math, CS";1998;5;24
"Sweden";"Science, Math, CS";1999;3;21
"Sweden";"Science, Math, CS";2000;6;12
"Sweden";"Science, Math, CS";2001;8;14
"Sweden";"Science, Math, CS";2002;8;14
"Sweden";"Science, Math, CS";2003;11;18
"Sweden";"Science, Math, CS";2004;9;21
"Sweden";"Science, Math, CS";2005;10;13
"Sweden";"Science, Math, CS";2006;7;12
"Sweden";"Science, Math, CS";2007;3;8
"Sweden";"Science, Math, CS";2008;5;13
"Sweden";"Science, Math, CS";2009;9;23
"Sweden";"Science, Math, CS";2010;10;28
"Sweden";"Science, Math, CS";2011;13;23
"Sweden";"Science, Math, CS";2012;18;18
"Sweden";"Science, Math, CS";2013;11;16
"Sweden";"Science, Math, CS";2014;9;22
"Sweden";"Science, Math, CS";2015;8;16
"Sweden";"Science, Math, CS";2016;10;14
"Sweden";"Science, Math, CS";2017;14;19
"Sweden";"Science, Math, CS";2018;9;15
"Sweden";"Engineering";1997;1;23
"Sweden";"Engineering";1998;2;7
"Sweden";"Engineering";1999;1;2
"Sweden";"Engineering";2000;0;4
"Sweden";"Engineering";2001;4;9
"Sweden";"Engineering";2002;7;10
"Sweden";"Engineering";2003;6;20
"Sweden";"Engineering";2004;8;25
"Sweden";"Engineering";2005;8;33
"Sweden";"Engineering";2006;16;32
"Sweden";"Engineering";2007;24;30
"Sweden";"Engineering";2008;22;26
"Sweden";"Engineering";2009;17;19
"Sweden";"Engineering";2010;25;19
"Sweden";"Engineering";2011;26;30
"Sweden";"Engineering";2012;29;51
"Sweden";"Engineering";2013;37;61
"Sweden";"Engineering";2014;41;46
"Sweden";"Engineering";2015;23;33
"Sweden";"Engineering";2016;21;37
"Sweden";"Engineering";2017;29;30
"Sweden";"Engineering";2018;28;22
"Sweden";"Agriculture";1997;2;3
"Sweden";"Agriculture";1999;0;1
"Sweden";"Agriculture";2002;0;1
"Sweden";"Agriculture";2003;2;1
"Sweden";"Agriculture";2004;4;0
"Sweden";"Agriculture";2005;1;0
"Sweden";"Agriculture";2006;2;0
"Sweden";"Agriculture";2009;1;0
"Sweden";"Agriculture";2013;0;1
"Sweden";"Agriculture";2014;0;1
"Sweden";"Agriculture";2016;0;1
"Sweden";"Agriculture";2018;0;1
"Sweden";"Health";1997;2;3
"Sweden";"Health";1998;3;2
"Sweden";"Health";1999;4;0
"Sweden";"Health";2000;4;2
"Sweden";"Health";2001;8;5
"Sweden";"Health";2002;5;2
"Sweden";"Health";2003;9;2
"Sweden";"Health";2004;8;2
"Sweden";"Health";2005;7;3
"Sweden";"Health";2006;12;6
"Sweden";"Health";2007;8;5
"Sweden";"Health";2008;9;3
"Sweden";"Health";2009;8;3
"Sweden";"Health";2010;9;3
"Sweden";"Health";2011;10;4
"Sweden";"Health";2012;10;2
"Sweden";"Health";2013;9;5
"Sweden";"Health";2014;6;4
"Sweden";"Health";2015;5;4
"Sweden";"Health";2016;3;5
"Sweden";"Health";2017;10;5
"Sweden";"Health";2018;10;5
"Sweden";"Service";1997;1;3
"Sweden";"Service";1998;1;2
"Sweden";"Service";1999;1;0
"Sweden";"Service";2000;1;0
"Sweden";"Service";2001;2;0
"Sweden";"Service";2002;2;1
"Sweden";"Service";2003;1;2
"Sweden";"Service";2004;3;3
"Sweden";"Service";2005;6;2
"Sweden";"Service";2006;4;0
"Sweden";"Service";2007;4;0
"Sweden";"Service";2008;4;0
"Sweden";"Service";2009;4;0
"Sweden";"Service";2010;3;0
"Sweden";"Service";2011;3;2
"Sweden";"Service";2012;3;9
"Sweden";"Service";2013;1;6
"Sweden";"Service";2014;2;2
"Sweden";"Service";2015;2;0
"Sweden";"Service";2016;2;0
"Sweden";"Service";2017;4;2
"Sweden";"Service";2018;12;3
"Taiwan";"Arts";2003;1;1
"Taiwan";"Arts";2004;1;0
"Czech Republic";"Arts";1997;1;1
"Czech Republic";"Arts";1998;3;1
"Czech Republic";"Arts";1999;2;1
"Czech Republic";"Arts";2000;2;3
"Czech Republic";"Arts";2001;2;2
"Czech Republic";"Arts";2002;2;1
"Czech Republic";"Arts";2003;0;3
"Czech Republic";"Arts";2004;1;3
"Czech Republic";"Arts";2005;2;5
"Czech Republic";"Arts";2006;0;2
"Czech Republic";"Arts";2007;0;2
"Czech Republic";"Arts";2008;1;3
"Czech Republic";"Arts";2009;1;3
"Czech Republic";"Arts";2010;1;3
"Czech Republic";"Arts";2011;2;2
"Czech Republic";"Arts";2012;1;4
"Czech Republic";"Arts";2013;1;1
"Czech Republic";"Arts";2016;2;3
"Czech Republic";"Arts";2017;1;1
"Czech Republic";"Arts";2018;1;3
"Czech Republic";"Social Science, Business, Law";2006;2;0
"Czech Republic";"Social Science, Business, Law";2007;2;0
"Czech Republic";"Social Science, Business, Law";2011;1;0
"Czech Republic";"Social Science, Business, Law";2012;1;0
"Czech Republic";"Social Science, Business, Law";2013;1;0
"Czech Republic";"Social Science, Business, Law";2017;0;1
"Czech Republic";"Social Science, Business, Law";2018;0;1
"Czech Republic";"Engineering";2001;0;1
"Czech Republic";"Engineering";2002;0;1
"Czech Republic";"Engineering";2003;0;1
"Czech Republic";"Engineering";2004;0;1
"Czech Republic";"Engineering";2005;0;1
"Czech Republic";"Health";2010;0;1
"Czech Republic";"Health";2011;0;1
"Czech Republic";"Health";2017;0;1
"Czech Republic";"Health";2018;0;1
"Thailand";"Social Science, Business, Law";2016;0;1
"Thailand";"Social Science, Business, Law";2017;0;1
"Thailand";"Health";2013;0;1
"Thailand";"Health";2014;0;1
"Trinidad and Tobago";"Social Science, Business, Law";1998;0;1
"turkey";"Arts";2018;0;1
"Hungary";"General Studies";2011;1;1
"Hungary";"General Studies";2012;3;0
"Hungary";"General Studies";2013;4;1
"Hungary";"General Studies";2014;3;2
"Hungary";"General Studies";2015;6;0
"Hungary";"General Studies";2016;1;0
"Hungary";"General Studies";2017;1;1
"Hungary";"General Studies";2018;3;1
"Hungary";"Arts";2003;0;1
"Hungary";"Arts";2004;0;1
"Hungary";"Arts";2005;0;1
"Hungary";"Arts";2007;1;0
"Hungary";"Arts";2008;1;0
"Hungary";"Arts";2009;1;0
"Hungary";"Arts";2014;2;0
"Hungary";"Arts";2015;1;0
"Hungary";"Arts";2016;1;0
"Hungary";"Arts";2017;1;0
"Hungary";"Arts";2018;1;0
"Hungary";"Social Science, Business, Law";2011;0;1
"Hungary";"Social Science, Business, Law";2012;1;1
"Hungary";"Social Science, Business, Law";2013;1;1
"Hungary";"Social Science, Business, Law";2014;1;2
"Hungary";"Science, Math, CS";2008;0;1
"Hungary";"Science, Math, CS";2009;0;2
"Hungary";"Science, Math, CS";2010;0;1
"Hungary";"Science, Math, CS";2017;1;0
"Hungary";"Science, Math, CS";2018;1;0
"Hungary";"Engineering";2008;0;2
"Hungary";"Engineering";2009;0;2
"Hungary";"Engineering";2010;0;2
"Hungary";"Engineering";2011;0;2
"Hungary";"Engineering";2012;0;3
"Hungary";"Engineering";2013;0;3
"Hungary";"Agriculture";2004;1;0
"Hungary";"Agriculture";2005;1;0
"Hungary";"Agriculture";2006;1;0
"Hungary";"Agriculture";2007;2;0
"Hungary";"Agriculture";2008;3;1
"Hungary";"Agriculture";2009;3;0
"Hungary";"Agriculture";2010;3;2
"Hungary";"Agriculture";2011;2;1
"Hungary";"Agriculture";2012;4;0
"Hungary";"Agriculture";2013;3;1
"Hungary";"Agriculture";2014;2;1
"Hungary";"Agriculture";2015;2;1
"Hungary";"Agriculture";2016;3;1
"Hungary";"Agriculture";2017;2;1
"Hungary";"Agriculture";2018;2;0
"Hungary";"Health";1997;0;3
"Hungary";"Health";1998;0;2
"Hungary";"Health";1999;0;2
"Hungary";"Health";2000;4;2
"Hungary";"Health";2001;6;3
"Hungary";"Health";2002;7;4
"Hungary";"Health";2003;7;8
"Hungary";"Health";2004;10;12
"Hungary";"Health";2005;19;14
"Hungary";"Health";2006;26;16
"Hungary";"Health";2007;30;20
"Hungary";"Health";2008;32;26
"Hungary";"Health";2009;27;30
"Hungary";"Health";2010;37;36
"Hungary";"Health";2011;42;41
"Hungary";"Health";2012;46;40
"Hungary";"Health";2013;51;43
"Hungary";"Health";2014;51;33
"Hungary";"Health";2015;52;34
"Hungary";"Health";2016;46;27
"Hungary";"Health";2017;41;22
"Hungary";"Health";2018;35;14
"Hungary";"Service";2011;1;0
"Hungary";"Service";2012;1;0
"Wales";"Education";1999;0;1
"Wales";"Arts";1998;0;1
"Wales";"Arts";1999;1;4
"Wales";"Arts";2000;3;3
"Wales";"Arts";2001;1;2
"Wales";"Arts";2002;3;1
"Wales";"Arts";2003;3;0
"Wales";"Arts";2004;3;1
"Wales";"Arts";2005;2;1
"Wales";"Arts";2008;2;0
"Wales";"Arts";2009;4;0
"Wales";"Arts";2010;4;0
"Wales";"Arts";2011;3;0
"Wales";"Arts";2012;2;1
"Wales";"Arts";2014;1;0
"Wales";"Arts";2015;1;0
"Wales";"Arts";2016;1;0
"Wales";"Arts";2017;1;0
"Wales";"Arts";2018;2;0
"Wales";"Social Science, Business, Law";2003;1;0
"Wales";"Social Science, Business, Law";2004;1;0
"Wales";"Social Science, Business, Law";2005;2;1
"Wales";"Social Science, Business, Law";2006;2;1
"Wales";"Social Science, Business, Law";2008;0;1
"Wales";"Social Science, Business, Law";2009;0;1
"Wales";"Social Science, Business, Law";2010;0;1
"Wales";"Social Science, Business, Law";2014;1;0
"Wales";"Social Science, Business, Law";2015;1;0
"Wales";"Social Science, Business, Law";2017;1;0
"Wales";"Social Science, Business, Law";2018;1;0
"Wales";"Science, Math, CS";1999;1;0
"Wales";"Science, Math, CS";2000;1;0
"Wales";"Science, Math, CS";2001;1;0
"Wales";"Science, Math, CS";2004;1;0
"Wales";"Science, Math, CS";2005;1;0
"Wales";"Science, Math, CS";2008;1;0
"Wales";"Science, Math, CS";2009;1;0
"Wales";"Engineering";2001;1;0
"Wales";"Health";2006;1;0
"Wales";"Health";2013;0;1
"Wales";"Health";2014;0;3
"Wales";"Health";2015;0;3
"Wales";"Health";2016;0;3
"Wales";"Health";2017;0;1
"Wales";"Health";2018;2;1
"Germany";"General Studies";2002;0;1
"Germany";"Education";1997;2;2
"Germany";"Education";1998;2;2
"Germany";"Education";1999;1;0
"Germany";"Education";2000;1;1
"Germany";"Education";2001;1;0
"Germany";"Education";2002;1;0
"Germany";"Education";2003;1;0
"Germany";"Education";2005;1;0
"Germany";"Education";2010;1;0
"Germany";"Education";2011;1;0
"Germany";"Education";2012;1;0
"Germany";"Education";2015;0;1
"Germany";"Education";2016;0;1
"Germany";"Education";2017;0;2
"Germany";"Education";2018;0;2
"Germany";"Arts";1997;38;20
"Germany";"Arts";1998;28;17
"Germany";"Arts";1999;27;14
"Germany";"Arts";2000;26;9
"Germany";"Arts";2001;20;12
"Germany";"Arts";2002;16;8
"Germany";"Arts";2003;19;8
"Germany";"Arts";2004;21;10
"Germany";"Arts";2005;17;12
"Germany";"Arts";2006;20;6
"Germany";"Arts";2007;15;9
"Germany";"Arts";2008;16;9
"Germany";"Arts";2009;17;8
"Germany";"Arts";2010;20;14
"Germany";"Arts";2011;20;20
"Germany";"Arts";2012;23;16
"Germany";"Arts";2013;24;19
"Germany";"Arts";2014;25;20
"Germany";"Arts";2015;16;19
"Germany";"Arts";2016;25;23
"Germany";"Arts";2017;21;20
"Germany";"Arts";2018;19;30
"Germany";"Social Science, Business, Law";1997;13;7
"Germany";"Social Science, Business, Law";1998;7;10
"Germany";"Social Science, Business, Law";1999;10;7
"Germany";"Social Science, Business, Law";2000;6;3
"Germany";"Social Science, Business, Law";2001;8;4
"Germany";"Social Science, Business, Law";2002;6;6
"Germany";"Social Science, Business, Law";2003;2;3
"Germany";"Social Science, Business, Law";2004;2;4
"Germany";"Social Science, Business, Law";2005;3;4
"Germany";"Social Science, Business, Law";2006;5;7
"Germany";"Social Science, Business, Law";2007;5;4
"Germany";"Social Science, Business, Law";2008;3;0
"Germany";"Social Science, Business, Law";2009;4;4
"Germany";"Social Science, Business, Law";2010;1;4
"Germany";"Social Science, Business, Law";2011;5;4
"Germany";"Social Science, Business, Law";2012;7;2
"Germany";"Social Science, Business, Law";2013;7;0
"Germany";"Social Science, Business, Law";2014;11;2
"Germany";"Social Science, Business, Law";2015;6;1
"Germany";"Social Science, Business, Law";2016;8;2
"Germany";"Social Science, Business, Law";2017;7;3
"Germany";"Social Science, Business, Law";2018;8;3
"Germany";"Science, Math, CS";1997;1;5
"Germany";"Science, Math, CS";1998;2;3
"Germany";"Science, Math, CS";1999;2;2
"Germany";"Science, Math, CS";2000;3;2
"Germany";"Science, Math, CS";2001;3;2
"Germany";"Science, Math, CS";2002;2;3
"Germany";"Science, Math, CS";2003;2;3
"Germany";"Science, Math, CS";2004;2;3
"Germany";"Science, Math, CS";2005;2;3
"Germany";"Science, Math, CS";2006;2;1
"Germany";"Science, Math, CS";2007;3;0
"Germany";"Science, Math, CS";2008;0;2
"Germany";"Science, Math, CS";2009;2;2
"Germany";"Science, Math, CS";2010;1;4
"Germany";"Science, Math, CS";2011;2;4
"Germany";"Science, Math, CS";2012;3;3
"Germany";"Science, Math, CS";2013;2;3
"Germany";"Science, Math, CS";2014;2;3
"Germany";"Science, Math, CS";2015;3;2
"Germany";"Science, Math, CS";2016;3;1
"Germany";"Science, Math, CS";2017;2;1
"Germany";"Science, Math, CS";2018;2;2
"Germany";"Engineering";1997;9;16
"Germany";"Engineering";1998;6;16
"Germany";"Engineering";1999;3;14
"Germany";"Engineering";2000;2;11
"Germany";"Engineering";2001;3;15
"Germany";"Engineering";2002;5;12
"Germany";"Engineering";2003;6;15
"Germany";"Engineering";2004;7;11
"Germany";"Engineering";2005;7;8
"Germany";"Engineering";2006;6;9
"Germany";"Engineering";2007;4;9
"Germany";"Engineering";2008;4;6
"Germany";"Engineering";2009;5;7
"Germany";"Engineering";2010;5;5
"Germany";"Engineering";2011;6;4
"Germany";"Engineering";2012;5;3
"Germany";"Engineering";2013;7;3
"Germany";"Engineering";2014;7;4
"Germany";"Engineering";2015;4;5
"Germany";"Engineering";2016;4;3
"Germany";"Engineering";2017;3;3
"Germany";"Engineering";2018;3;5
"Germany";"Agriculture";1997;2;4
"Germany";"Agriculture";1998;2;5
"Germany";"Agriculture";1999;3;2
"Germany";"Agriculture";2000;2;2
"Germany";"Agriculture";2001;1;2
"Germany";"Agriculture";2002;1;2
"Germany";"Agriculture";2003;1;2
"Germany";"Agriculture";2004;0;1
"Germany";"Agriculture";2005;0;1
"Germany";"Health";1997;5;5
"Germany";"Health";1998;8;4
"Germany";"Health";1999;6;4
"Germany";"Health";2000;5;4
"Germany";"Health";2001;3;1
"Germany";"Health";2002;6;1
"Germany";"Health";2003;6;1
"Germany";"Health";2004;6;0
"Germany";"Health";2005;3;0
"Germany";"Health";2006;1;0
"Germany";"Health";2007;1;0
"Germany";"Health";2008;1;1
"Germany";"Health";2009;2;1
"Germany";"Health";2010;1;0
"Germany";"Health";2011;2;0
"Germany";"Health";2013;2;1
"Germany";"Health";2014;3;1
"Germany";"Health";2015;1;1
"Germany";"Health";2016;1;1
"Germany";"Health";2018;1;1
"Germany";"Service";1997;3;3
"Germany";"Service";1998;1;3
"Germany";"Service";1999;1;1
"Germany";"Service";2000;1;0
"Germany";"Service";2001;1;0
"Germany";"Service";2002;1;1
"Germany";"Service";2003;0;1
"Germany";"Service";2004;2;1
"Germany";"Service";2005;2;1
"Germany";"Service";2006;2;0
"Germany";"Service";2007;2;0
"Germany";"Service";2008;1;1
"Germany";"Service";2009;1;0
"Germany";"Service";2010;1;0
"Germany";"Service";2011;1;1
"Germany";"Service";2012;0;1
"Germany";"Service";2013;0;1
"Germany";"Service";2014;0;1
"Germany";"Service";2016;1;0
"Germany";"Service";2017;1;0
